Workbook

Sheet DATOS Y RESPUESTAS
J2: INVENTARIO CLÍNICO DE MILLON PARA ADOLESCENTES
Q3: MACI
A4: Nombre: | B4: NICOLE AIXA
A5: Apellidos: | B5: CONTRERAS ZURITA
A6: Sexo: | B6: FEMENINO
A7: Edad: | B7: 10
A8: Institución: | B8: VIDA PLENA
A9: Evaluador: | B9: GARCIA
A10: Fecha: | B10: 08 de agosto 2025 | F10: 2025
B13: Nº | C13: R | D13: Nº | E13: R | F13: Nº | G13: R | H13: Nº | I13: R | J13: Nº | K13: R | L13: Nº | M13: R | N13: Nº | O13: R
B14: 1 | C14: F | D14: 26 | E14: F | F14: 51 | G14: F | H14: 76 | I14: F | J14: 101 | K14: F | L14: 126 | M14: F | N14: 151 | O14: F
B15: 2 | C15: V | D15: 27 | E15: F | F15: 52 | G15: F | H15: 77 | I15: V | J15: 102 | K15: F | L15: 127 | M15: F | N15: 152 | O15: F
B16: 3 | C16: F | D16: 28 | E16: F | F16: 53 | G16: F | H16: 78 | I16: F | J16: 103 | K16: F | L16: 128 | M16: F | N16: 153 | O16: F
B17: 4 | C17: V | D17: 29 | E17: F | F17: 54 | G17: V | H17: 79 | I17: F | J17: 104 | K17: F | L17: 129 | M17: V | N17: 154 | O17: F
B18: 5 | C18: F | D18: 30 | E18: F | F18: 55 | G18: F | H18: 80 | I18: F | J18: 105 | K18: F | L18: 130 | M18: F | N18: 155 | O18: F
B19: 6 | C19: V | D19: 31 | E19: F | F19: 56 | G19: F | H19: 81 | I19: V | J19: 106 | K19: F | L19: 131 | M19: F | N19: 156 | O19: F
B20: 7 | C20: F | D20: 32 | E20: F | F20: 57 | G20: F | H20: 82 | I20: F | J20: 107 | K20: F | L20: 132 | M20: F | N20: 157 | O20: F
B21: 8 | C21: F | D21: 33 | E21: F | F21: 58 | G21: F | H21: 83 | I21: F | J21: 108 | K21: V | L21: 133 | M21: F | N21: 158 | O21: F
B22: 9 | C22: V | D22: 34 | E22: F | F22: 59 | G22: F | H22: 84 | I22: F | J22: 109 | K22: V | L22: 134 | M22: F | N22: 159 | O22: V
B23: 10 | C23: V | D23: 35 | E23: F | F23: 60 | G23: F | H23: 85 | I23: F | J23: 110 | K23: V | L23: 135 | M23: F | N23: 160 | O23: F
B24: 11 | C24: V | D24: 36 | E24: V | F24: 61 | G24: F | H24: 86 | I24: F | J24: 111 | K24: F | L24: 136 | M24: F
B25: 12 | C25: F | D25: 37 | E25: V | F25: 62 | G25: V | H25: 87 | I25: F | J25: 112 | K25: F | L25: 137 | M25: V
B26: 13 | C26: F | D26: 38 | E26: V | F26: 63 | G26: V | H26: 88 | I26: F | J26: 113 | K26: F | L26: 138 | M26: F
B27: 14 | C27: V | D27: 39 | E27: F | F27: 64 | G27: F | H27: 89 | I27: F | J27: 114 | K27: F | L27: 139 | M27: F
B28: 15 | C28: F | D28: 40 | E28: F | F28: 65 | G28: F | H28: 90 | I28: F | J28: 115 | K28: F | L28: 140 | M28: F
B29: 16 | C29: F | D29: 41 | E29: V | F29: 66 | G29: F | H29: 91 | I29: F | J29: 116 | K29: F | L29: 141 | M29: F
B30: 17 | C30: F | D30: 42 | E30: F | F30: 67 | G30: F | H30: 92 | I30: F | J30: 117 | K30: F | L30: 142 | M30: F
B31: 18 | C31: V | D31: 43 | E31: F | F31: 68 | G31: F | H31: 93 | I31: V | J31: 118 | K31: V | L31: 143 | M31: F
B32: 19 | C32: F | D32: 44 | E32: V | F32: 69 | G32: F | H32: 94 | I32: F | J32: 119 | K32: F | L32: 144 | M32: F
B33: 20 | C33: V | D33: 45 | E33: F | F33: 70 | G33: V | H33: 95 | I33: F | J33: 120 | K33: F | L33: 145 | M33: F
B34: 21 | C34: F | D34: 46 | E34: V | F34: 71 | G34: V | H34: 96 | I34: V | J34: 121 | K34: F | L34: 146 | M34: F
B35: 22 | C35: F | D35: 47 | E35: F | F35: 72 | G35: V | H35: 97 | I35: F | J35: 122 | K35: F | L35: 147 | M35: F
... B38: 25 | C38: F | D38: 50 | E38: F | F38: 75 | G38: V | H38: 100 | I38: F | J38: 125 | K38: F | L38: 150 | M38: F

Sheet RESULTADOS
BW13: VARONES 13-15 | CZ13: VARONES 16-19 | EC13: MUJERES 13-15 | FF13: MUJERES 16-19 | GK13: TB-X | GL13: AJUSTE TRANSPARENCIA | GM13: 3 | GN13: 4
V14: Nº | BW14: 1 | BX14: 2A | BY14: 2B | BZ14: 3 | CA14: 4 | CB14: 5 | CC14: 6A | CD14: 6B | CE14: 7 | CF14: 8A | CG14: 8B | CH14: 9 | CI14: A | CJ14: B | CK14: C | CL14: D | CM14: E | CN14: F | CO14: G | CP14: H | CQ14: AA | CR14: BB | CS14: CC | CT14: DD | CU14: EE | CV14: FF | CW14: GG | CX14: Y | CY14: Z | CZ14: 1 | DA14: 2A | DB14: 2B | DC14: 3 | DD14: 4 | DE14: 5 | DF14: 6A | DG14: 6B | DH14: 7 | DI14: 8A | DJ14: 8B | DK14: 9 | DL14: A | DM14: B | DN14: C | DO14: D | DP14: E | DQ14: F | DR14: G | DS14: H | DT14: AA | DU14: BB | DV14: CC | DW14: DD | DX14: EE | DY14: FF | DZ14: GG | EA14: Y | EB14: Z | EC14: 1 | ED14: 2A | EE14: 2B | EF14: 3 | EG14: 4 | EH14: 5 | EI14: 6A | EJ14: 6B | EK14: 7 | EL14: 8A | EM14: 8B | EN14: 9 | EO14: A | EP14: B | EQ14: C | ER14: D | ES14: E | ET14: F | EU14: G | EV14: H | EW14: AA | EX14: BB | EY14: CC | EZ14: DD | FA14: EE | FB14: FF | FC14: GG | FD14: Y | FE14: Z | FF14: 1 | FG14: 2A | FH14: 2B | FI14: 3 | FJ14: 4 | FK14: 5 | FL14: 6A | FM14: 6B | FN14: 7 | FO14: 8A | FP14: 8B | FQ14: 9 | FR14: A | FS14: B | FT14: C | FU14: D | FV14: E | FW14: F | FX14: G | FY14: H | FZ14: AA | GA14: BB | GB14: CC | GC14: DD | GD14: EE | GE14: FF | GF14: GG | GG14: Y | GH14: Z | GJ14: 1 | GK14: 2 | GL14: 25
V15: 176 | BV15: 0 | BW15: 0 | BX15: 0 | BY15: 7 | BZ15: 0 | CA15: 0 | CB15: 0 | CC15: 0 | CD15: 1 | CE15: 0 | CF15: 0 | CG15: 2 | CH15: 1 | CI15: 0 | CJ15: 0 | CK15: 20 | CL15: 0 | CM15: 1 | CN15: 0 | CO15: 0 | CP15: 5 | CQ15: 9 | CR15: 1 | CS15: 0 | CT15: 0 | CU15: 0 | CV15: 0 | CW15: 8 | CX15: 0 | CY15: 15 | CZ15: 0 | DA15: 1 | DB15: 4 | DC15: 0 | DD15: 0 | DE15: 0 | DF15: 0 | DG15: 1 | DH15: 0 | DI15: 0 | DJ15: 0 | DK15: 2 | DL15: 0 | DM15: 0 | DN15: 20 | DO15: 0 | DP15: 0 | DQ15: 0 | DR15: 0 | DS15: 10 | DT15: 11 | DU15: 2 | DV15: 0 | DW15: 0 | DX15: 0 | DY15: 0 | DZ15: 3 | EA15: 0 | EB15: 13 | EC15: 0 | ED15: 0 | EE15: 4 | EF15: 0 | EG15: 0 | EH15: 0 | EI15: 0 | EJ15: 5 | EK15: 0 | EL15: 0 | EM15: 1 | EN15: 1 | EO15: 0 | EP15: 1 | EQ15: 5 | ER15: 0 | ES15: 1 | ET15: 0 | EU15: 0 | EV15: 3 | EW15: 3 | EX15: 1 | EY15: 0 | EZ15: 0 | FA15: 0 | FB15: 0 | FC15: 5 | FD15: 0 | FE15: 8 | FF15: 0 | FG15: 0 | FH15: 1 | FI15: 0 | FJ15: 0 | FK15: 0 | FL15: 0 | FM15: 8 | FN15: 0 | FO15: 0 | FP15: 0 | FQ15: 1 | FR15: 0 | FS15: 1 | FT15: 9 | FU15: 0 | FV15: 1 | FW15: 0 | FX15: 0 | FY15: 1 | FZ15: 1 | GA15: 1 | GB15: 0 | GC15: 1 | GD15: 0 | GE15: 0 | GF15: 2 | GG15: 0 | GH15: 2 | GJ15: 2 | GK15: 2 | GL15: 25
V16: 177 | BV16: 1 | BW16: 0 | BX16: 0 | BY16: 10 | BZ16: 0 | CA16: 1 | CB16: 0 | CC16: 0 | CD16: 12 | CE16: 0 | CF16: 0 | CG16: 4 | CH16: 1 | CI16: 1 | CJ16: 3 | CK16: 25 | CL16: 0 | CM16: 3 | CN16: 0 | CO16: 1 | CP16: 13 | CQ16: 20 | CR16: 5 | CS16: 0 | CT16: 0 | CU16: 0 | CV16: 1 | CW16: 20 | CX16: 0 | CY16: 34 | CZ16: 0 | DA16: 1 | DB16: 4 | DC16: 0 | DD16: 0 | DE16: 0 | DF16: 0 | DG16: 5 | DH16: 0 | DI16: 0 | DJ16: 3 | DK16: 2 | DL16: 0 | DM16: 0 | DN16: 24 | DO16: 0 | DP16: 2 | DQ16: 0 | DR16: 0 | DS16: 20 | DT16: 21 | DU16: 6 | DV16: 0 | DW16: 0 | DX16: 0 | DY16: 1 | DZ16: 10 | EA16: 0 | EB16: 34 | EC16: 0 | ED16: 0 | EE16: 5 | EF16: 0 | EG16: 0 | EH16: 0 | EI16: 0 | EJ16: 20 | EK16: 0 | EL16: 0 | EM16: 2 | EN16: 1 | EO16: 0 | EP16: 1 | EQ16: 9 | ER16: 0 | ES16: 2 | ET16: 0 | EU16: 1 | EV16: 8 | EW16: 8 | EX16: 3 | EY16: 0 | EZ16: 1 | FA16: 0 | FB16: 1 | FC16: 12 | FD16: 1 | FE16: 19 | FF16: 0 | FG16: 0 | FH16: 2 | FI16: 0 | FJ16: 0 | FK16: 1 | FL16: 1 | FM16: 20 | FN16: 0 | FO16: 0 | FP16: 0 | FQ16: 1 | FR16: 1 | FS16: 1 | FT16: 16 | FU16: 0 | FV16: 2 | FW16: 1 | FX16: 0 | FY16: 6 | FZ16: 4 | GA16: 7 | GB16: 0 | GC16: 2 | GD16: 0 | GE16: 0 | GF16: 7 | GG16: 0 | GH16: 12 | GJ16: 3 | GK16: 2 | GL16: 25
V17: 178 | BV17: 2 | BW17: 0 | BX17: 1 | BY17: 12 | BZ17: 0 | CA17: 1 | CB17: 0 | CC17: 0 | CD17: 20 | CE17: 0 | CF17: 1 | CG17: 5 | CH17: 3 | CI17: 2 | CJ17: 6 | CK17: 34 | CL17: 0 | CM17: 9 | CN17: 0 | CO17: 1 | CP17: 20 | CQ17: 31 | CR17: 12 | CS17: 1 | CT17: 1 | CU17: 0 | CV17: 1 | CW17: 29 | CX17: 1 | CY17: 46 | CZ17: 0 | DA17: 1 | DB17: 10 | DC17: 0 | DD17: 0 | DE17: 0 | DF17: 0 | DG17: 11 | DH17: 0 | DI17: 0 | DJ17: 3 | DK17: 8 | DL17: 2 | DM17: 0 | DN17: 32 | DO17: 0 | DP17: 15 | DQ17: 0 | DR17: 0 | DS17: 24 | DT17: 31 | DU17: 10 | DV17: 0 | DW17: 2 | DX17: 0 | DY17: 3 | DZ17: 18 | EA17: 2 | EB17: 44 | EC17: 0 | ED17: 0 | EE17: 8 | EF17: 0 | EG17: 1 | EH17: 0 | EI17: 0 | EJ17: 27 | EK17: 0 | EL17: 0 | EM17: 3 | EN17: 3 | EO17: 1 | EP17: 2 | EQ17: 12 | ER17: 0 | ES17: 3 | ET17: 2 | EU17: 2 | EV17: 15 | EW17: 11 | EX17: 7 | EY17: 1 | EZ17: 2 | FA17: 0 | FB17: 1 | FC17: 18 | FD17: 1 | FE17: 34 | FF17: 0 | FG17: 0 | FH17: 3 | FI17: 0 | FJ17: 0 | FK17: 2 | FL17: 1 | FM17: 26 | FN17: 0 | FO17: 0 | FP17: 0 | FQ17: 5 | FR17: 2 | FS17: 1 | FT17: 20 | FU17: 0 | FV17: 8 | FW17: 2 | FX17: 1 | FY17: 13 | FZ17: 13 | GA17: 13 | GB17: 2 | GC17: 5 | GD17: 0 | GE17: 1 | GF17: 11 | GG17: 2 | GH17: 22 | GJ17: 4 | GK17: 2 | GL17: 25
V18: 179 | BV18: 3 | BW18: 0 | BX18: 3 | BY18: 20 | BZ18: 0 | CA18: 1 | CB18: 0 | CC18: 1 | CD18: 25 | CE18: 0 | CF18: 1 | CG18: 7 | CH18: 4 | CI18: 2 | CJ18: 9 | CK18: 40 | CL18: 0 | CM18: 20 | CN18: 1 | CO18: 2 | CP18: 32 | CQ18: 40 | CR18: 20 | CS18: 1 | CT18: 3 | CU18: 0 | CV18: 2 | CW18: 40 | CX18: 2 | CY18: 56 | CZ18: 0 | DA18: 1 | DB18: 14 | DC18: 0 | DD18: 0 | DE18: 0 | DF18: 0 | DG18: 20 | DH18: 0 | DI18: 0 | DJ18: 3 | DK18: 8 | DL18: 2 | DM18: 3 | DN18: 40 | DO18: 0 | DP18: 20 | DQ18: 0 | DR18: 4 | DS18: 33 | DT18: 40 | DU18: 10 | DV18: 1 | DW18: 7 | DX18: 0 | DY18: 3 | DZ18: 35 | EA18: 2 | EB18: 52 | EC18: 0 | ED18: 0 | EE18: 16 | EF18: 0 | EG18: 1 | EH18: 1 | EI18: 1 | EJ18: 34 | EK18: 0 | EL18: 1 | EM18: 5 | EN18: 4 | EO18: 3 | EP18: 2 | EQ18: 15 | ER18: 0 | ES18: 6 | ET18: 3 | EU18: 2 | EV18: 19 | EW18: 17 | EX18: 13 | EY18: 2 | EZ18: 4 | FA18: 0 | FB18: 2 | FC18: 24 | FD18: 3 | FE18: 40 | FF18: 1 | FG18: 0 | FH18: 7 | FI18: 0 | FJ18: 2 | FK18: 3 | FL18: 2 | FM18: 33 | FN18: 0 | FO18: 0 | FP18: 1 | FQ18: 5 | FR18: 4 | FS18: 1 | FT18: 24 | FU18: 0 | FV18: 13 | FW18: 5 | FX18: 2 | FY18: 20 | FZ18: 20 | GA18: 20 | GB18: 5 | GC18: 14 | GD18: 0 | GE18: 1 | GF18: 20 | GG18: 3 | GH18: 34 | GJ18: 5 | GK18: 2 | GL18: 25
V19: 180 | BV19: 4 | BW19: 0 | BX19: 4 | BY19: 25 | BZ19: 0 | CA19: 1 | CB19: 0 | CC19: 2 | CD19: 30 | CE19: 0 | CF19: 3 | CG19: 10 | CH19: 19 | CI19: 3 | CJ19: 14 | CK19: 44 | CL19: 0 | CM19: 25 | CN19: 1 | CO19: 3 | CP19: 40 | CQ19: 44 | CR19: 25 | CS19: 1 | CT19: 6 | CU19: 0 | CV19: 5 | CW19: 44 | CX19: 7 | CY19: 63 | CZ19: 0 | DA19: 1 | DB19: 20 | DC19: 0 | DD19: 2 | DE19: 0 | DF19: 0 | DG19: 25 | DH19: 0 | DI19: 0 | DJ19: 4 | DK19: 18 | DL19: 2 | DM19: 6 | DN19: 42 | DO19: 0 | DP19: 29 | DQ19: 0 | DR19: 4 | DS19: 40 | DT19: 43 | DU19: 14 | DV19: 1 | DW19: 7 | DX19: 0 | DY19: 10 | DZ19: 40 | EA19: 2 | EB19: 61 | EC19: 0 | ED19: 0 | EE19: 20 | EF19: 0 | EG19: 1 | EH19: 3 | EI19: 1 | EJ19: 40 | EK19: 0 | EL19: 2 | EM19: 6 | EN19: 8 | EO19: 4 | EP19: 3 | EQ19: 19 | ER19: 0 | ES19: 11 | ET19: 4 | EU19: 3 | EV19: 25 | EW19: 22 | EX19: 20 | EY19: 3 | EZ19: 8 | FA19: 0 | FB19: 3 | FC19: 28 | FD19: 6 | FE19: 44 | FF19: 1 | FG19: 0 | FH19: 9 | FI19: 0 | FJ19: 2 | FK19: 5 | FL19: 2 | FM19: 40 | FN19: 0 | FO19: 0 | FP19: 1 | FQ19: 12 | FR19: 5 | FS19: 3 | FT19: 26 | FU19: 0 | FV19: 20 | FW19: 9 | FX19: 3 | FY19: 24 | FZ19: 23 | GA19: 25 | GB19: 6 | GC19: 20 | GD19: 0 | GE19: 1 | GF19: 23 | GG19: 7 | GH19: 39 | GJ19: 6 | GK19: 2 | GL19: 25
V20: 181 | BV20: 5 | BW20: 0 | BX20: 7 | BY20: 31 | BZ20: 0 | CA20: 1 | CB20: 1 | CC20: 2 | CD20: 34 | CE20: 0 | CF20: 5 | CG20: 13 | CH20: 19 | CI20: 9 | CJ20: 20 | CK20: 46 | CL20: 0 | CM20: 31 | CN20: 2 | CO20: 5 | CP20: 45 | CQ20: 48 | CR20: 32 | CS20: 2 | CT20: 7 | CU20: 0 | CV20: 10 | CW20: 47 | CX20: 13 | CY20: 68 | CZ20: 0 | DA20: 3 | DB20: 23 | DC20: 0 | DD20: 2 | DE20: 0 | DF20: 0 | DG20: 27 | DH20: 0 | DI20: 0 | DJ20: 10 | DK20: 20 | DL20: 6 | DM20: 10 | DN20: 46 | DO20: 0 | DP20: 34 | DQ20: 0 | DR20: 6 | DS20: 45 | DT20: 47 | DU20: 20 | DV20: 1 | DW20: 10 | DX20: 1 | DY20: 13 | DZ20: 43 | EA20: 15 | EB20: 66 | EC20: 0 | ED20: 1 | EE20: 21 | EF20: 0 | EG20: 1 | EH20: 4 | EI20: 2 | EJ20: 42 | EK20: 0 | EL20: 5 | EM20: 7 | EN20: 9 | EO20: 6 | EP20: 4 | EQ20: 23 | ER20: 0 | ES20: 19 | ET20: 6 | EU20: 5 | EV20: 33 | EW20: 29 | EX20: 26 | EY20: 4 | EZ20: 14 | FA20: 0 | FB20: 4 | FC20: 33 | FD20: 12 | FE20: 49 | FF20: 1 | FG20: 1 | FH20: 13 | FI20: 0 | FJ20: 3 | FK20: 8 | FL20: 3 | FM20: 42 | FN20: 0 | FO20: 0 | FP20: 2 | FQ20: 12 | FR20: 7 | FS20: 3 | FT20: 29 | FU20: 0 | FV20: 25 | FW20: 15 | FX20: 8 | FY20: 26 | FZ20: 28 | GA20: 30 | GB20: 13 | GC20: 23 | GD20: 0 | GE20: 2 | GF20: 26 | GG20: 22 | GH20: 43 | GJ20: 7 | GK20: 2 | GL20: 25
V21: 182 | BV21: 6 | BW21: 1 | BX21: 9 | BY21: 35 | BZ21: 0 | CA21: 1 | CB21: 1 | CC21: 3 | CD21: 40 | CE21: 0 | CF21: 6 | CG21: 16 | CH21: 28 | CI21: 12 | CJ21: 22 | CK21: 50 | CL21: 0 | CM21: 40 | CN21: 2 | CO21: 6 | CP21: 50 | CQ21: 50 | CR21: 35 | CS21: 2 | CT21: 12 | CU21: 1 | CV21: 20 | CW21: 50 | CX21: 21 | CY21: 72 | CZ21: 0 | DA21: 5 | DB21: 26 | DC21: 0 | DD21: 2 | DE21: 0 | DF21: 1 | DG21: 33 | DH21: 0 | DI21: 0 | DJ21: 10 | DK21: 24 | DL21: 10 | DM21: 15 | DN21: 50 | DO21: 0 | DP21: 40 | DQ21: 0 | DR21: 13 | DS21: 49 | DT21: 50 | DU21: 24 | DV21: 1 | DW21: 12 | DX21: 1 | DY21: 20 | DZ21: 46 | EA21: 23 | EB21: 69 | EC21: 0 | ED21: 2 | EE21: 25 | EF21: 0 | EG21: 1 | EH21: 5 | EI21: 2 | EJ21: 43 | EK21: 0 | EL21: 7 | EM21: 10 | EN21: 17 | EO21: 9 | EP21: 5 | EQ21: 30 | ER21: 0 | ES21: 32 | ET21: 10 | EU21: 8 | EV21: 40 | EW21: 35 | EX21: 31 | EY21: 6 | EZ21: 20 | FA21: 0 | FB21: 7 | FC21: 40 | FD21: 21 | FE21: 53 | FF21: 1 | FG21: 2 | FH21: 16 | FI21: 0 | FJ21: 7 | FK21: 12 | FL21: 5 | FM21: 43 | FN21: 0 | FO21: 2 | FP21: 4 | FQ21: 18 | FR21: 9 | FS21: 4 | FT21: 33 | FU21: 0 | FV21: 30 | FW21: 20 | FX21: 14 | FY21: 31 | FZ21: 31 | GA21: 36 | GB21: 20 | GC21: 27 | GD21: 0 | GE21: 4 | GF21: 30 | GG21: 34 | GH21: 47 | GJ21: 8 | GK21: 2 | GL21: 25
V22: 183 | BV22: 7 | BW22: 2 | BX22: 9 | BY22: 40 | BZ22: 0 | CA22: 1 | CB22: 1 | CC22: 3 | CD22: 42 | CE22: 0 | CF22: 9 | CG22: 20 | CH22: 28 | CI22: 20 | CJ22: 25 | CK22: 55 | CL22: 0 | CM22: 44 | CN22: 3 | CO22: 12 | CP22: 54 | CQ22: 53 | CR22: 40 | CS22: 2 | CT22: 20 | CU22: 1 | CV22: 24 | CW22: 53 | CX22: 34 | CY22: 74 | CZ22: 0 | DA22: 7 | DB22: 30 | DC22: 0 | DD22: 2 | DE22: 1 | DF22: 1 | DG22: 40 | DH22: 0 | DI22: 2 | DJ22: 14 | DK22: 26 | DL22: 15 | DM22: 20 | DN22: 53 | DO22: 0 | DP22: 44 | DQ22: 0 | DR22: 15 | DS22: 50 | DT22: 54 | DU22: 26 | DV22: 1 | DW22: 20 | DX22: 1 | DY22: 22 | DZ22: 50 | EA22: 34 | EB22: 72 | EC22: 0 | ED22: 3 | EE22: 29 | EF22: 0 | EG22: 1 | EH22: 7 | EI22: 7 | EJ22: 45 | EK22: 0 | EL22: 10 | EM22: 11 | EN22: 17 | EO22: 13 | EP22: 6 | EQ22: 35 | ER22: 0 | ES22: 40 | ET22: 13 | EU22: 12 | EV22: 42 | EW22: 37 | EX22: 40 | EY22: 9 | EZ22: 28 | FA22: 0 | FB22: 9 | FC22: 42 | FD22: 34 | FE22: 58 | FF22: 1 | FG22: 2 | FH22: 20 | FI22: 0 | FJ22: 8 | FK22: 14 | FL22: 7 | FM22: 45 | FN22: 0 | FO22: 4 | FP22: 7 | FQ22: 20 | FR22: 12 | FS22: 6 | FT22: 34 | FU22: 0 | FV22: 40 | FW22: 23 | FX22: 20 | FY22: 37 | FZ22: 35 | GA22: 40 | GB22: 24 | GC22: 30 | GD22: 0 | GE22: 7 | GF22: 35 | GG22: 43 | GH22: 50 | GJ22: 9 | GK22: 2 | GL22: 25
V23: 184 | BV23: 8 | BW23: 3 | BX23: 14 | BY23: 41 | BZ23: 0 | CA23: 1 | CB23: 1 | CC23: 5 | CD23: 44 | CE23: 0 | CF23: 13 | CG23: 23 | CH23: 37 | CI23: 25 | CJ23: 26 | CK23: 57 | CL23: 0 | CM23: 48 | CN23: 4 | CO23: 20 | CP23: 60 | CQ23: 56 | CR23: 42 | CS23: 3 | CT23: 25 | CU23: 2 | CV23: 31 | CW23: 57 | CX23: 38 | CY23: 77 | CZ23: 0 | DA23: 8 | DB23: 36 | DC23: 0 | DD23: 2 | DE23: 3 | DF23: 1 | DG23: 42 | DH23: 0 | DI23: 5 | DJ23: 20 | DK23: 32 | DL23: 20 | DM23: 23 | DN23: 55 | DO23: 0 | DP23: 46 | DQ23: 0 | DR23: 20 | DS23: 58 | DT23: 57 | DU23: 31 | DV23: 1 | DW23: 22 | DX23: 1 | DY23: 25 | DZ23: 52 | EA23: 37 | EB23: 74 | EC23: 2 | ED23: 4 | EE23: 31 | EF23: 0 | EG23: 3 | EH23: 10 | EI23: 8 | EJ23: 46 | EK23: 0 | EL23: 13 | EM23: 13 | EN23: 25 | EO23: 15 | EP23: 7 | EQ23: 40 | ER23: 0 | ES23: 43 | ET23: 16 | EU23: 19 | EV23: 44 | EW23: 40 | EX23: 44 | EY23: 11 | EZ23: 33 | FA23: 0 | FB23: 12 | FC23: 43 | FD23: 41 | FE23: 62 | FF23: 2 | FG23: 3 | FH23: 22 | FI23: 0 | FJ23: 9 | FK23: 16 | FL23: 8 | FM23: 47 | FN23: 0 | FO23: 7 | FP23: 8 | FQ23: 23 | FR23: 15 | FS23: 6 | FT23: 37 | FU23: 0 | FV23: 43 | FW23: 26 | FX23: 23 | FY23: 40 | FZ23: 36 | GA23: 42 | GB23: 29 | GC23: 35 | GD23: 0 | GE23: 7 | GF23: 38 | GG23: 50 | GH23: 54 | GJ23: 10 | GK23: 2 | GL23: 25
V24: 185 | BV24: 9 | BW24: 8 | BX24: 20 | BY24: 43 | BZ24: 0 | CA24: 1 | CB24: 1 | CC24: 6 | CD24: 46 | CE24: 0 | CF24: 16 | CG24: 25 | CH24: 39 | CI24: 30 | CJ24: 27 | CK24: 60 | CL24: 0 | CM24: 50 | CN24: 5 | CO24: 26 | CP24: 63 | CQ24: 58 | CR24: 44 | CS24: 4 | CT24: 28 | CU24: 3 | CV24: 35 | CW24: 59 | CX24: 43 | CY24: 80 | CZ24: 6 | DA24: 12 | DB24: 40 | DC24: 0 | DD24: 3 | DE24: 3 | DF24: 4 | DG24: 43 | DH24: 0 | DI24: 10 | DJ24: 22 | DK24: 34 | DL24: 23 | DM24: 26 | DN24: 57 | DO24: 0 | DP24: 50 | DQ24: 0 | DR24: 23 | DS24: 60 | DT24: 59 | DU24: 34 | DV24: 4 | DW24: 24 | DX24: 1 | DY24: 33 | DZ24: 53 | EA24: 42 | EB24: 77 | EC24: 2 | ED24: 6 | EE24: 33 | EF24: 0 | EG24: 5 | EH24: 15 | EI24: 16 | EJ24: 48 | EK24: 1 | EL24: 17 | EM24: 16 | EN24: 25 | EO24: 20 | EP24: 8 | EQ24: 41 | ER24: 0 | ES24: 47 | ET24: 20 | EU24: 28 | EV24: 47 | EW24: 42 | EX24: 48 | EY24: 15 | EZ24: 40 | FA24: 1 | FB24: 14 | FC24: 45 | FD24: 50 | FE24: 65 | FF24: 2 | FG24: 6 | FH24: 27 | FI24: 0 | FJ24: 10 | FK24: 20 | FL24: 11 | FM24: 50 | FN24: 0 | FO24: 11 | FP24: 10 | FQ24: 24 | FR24: 20 | FS24: 9 | FT24: 40 | FU24: 0 | FV24: 48 | FW24: 30 | FX24: 27 | FY24: 43 | FZ24: 38 | GA24: 45 | GB24: 33 | GC24: 40 | GD24: 0 | GE24: 14 | GF24: 40 | GG24: 58 | GH24: 60 | GJ24: 11 | GK24: 2 | GL24: 25
BV25: 10 | BW25: 11 | BX25: 22 | BY25: 45 | BZ25: 0 | CA25: 2 | CB25: 2 | CC25: 8 | CD25: 48 | CE25: 0 | CF25: 17 | CG25: 28 | CH25: 43 | CI25: 4 | CJ25: 29 | CK25: 64 | CL25: 0 | CM25: 55 | CN25: 5 | CO25: 35 | CP25: 67 | CQ25: 60 | CR25: 47 | CS25: 5 | CT25: 32 | CU25: 3 | CV25: 40 | CW25: 61 | CX25: 51 | CY25: 82 | CZ25: 9 | DA25: 20 | DB25: 43 | DC25: 0 | DD25: 3 | DE25: 4 | DF25: 4 | DG25: 45 | DH25: 0 | DI25: 11 | DJ25: 24 | DK25: 40 | DL25: 27 | DM25: 29 | DN25: 60 | DO25: 0 | DP25: 55 | DQ25: 5 | DR25: 27 | DS25: 61 | DT25: 60 | DU25: 38 | DV25: 6 | DW25: 26 | DX25: 1 | DY25: 40 | DZ25: 57 | EA25: 45 | EB25: 82 | EC25: 4 | ED25: 7 | EE25: 37 | EF25: 0 | EG25: 7 | EH25: 20 | EI25: 20 | EJ25: 50 | EK25: 1 | EL25: 20 | EM25: 20 | EN25: 32 | EO25: 25 | EP25: 11 | EQ25: 43 | ER25: 0 | ES25: 50 | ET25: 25 | EU25: 35 | EV25: 50 | EW25: 43 | EX25: 50 | EY25: 17 | EZ25: 42 | FA25: 1 | FB25: 17 | FC25: 47 | FD25: 60 | FE25: 69 | FF25: 2 | FG25: 7 | FH25: 29 | FI25: 0 | FJ25: 10 | FK25: 25 | FL25: 16 | FM25: 56 | FN25: 0 | FO25: 15 | FP25: 12 | FQ25: 28 | FR25: 23 | FS25: 10 | FT25: 41 | FU25: 0 | FV25: 50 | FW25: 34 | FX25: 30 | FY25: 46 | FZ25: 40 | GA25: 46 | GB25: 38 | GC25: 42 | GD25: 0 | GE25: 16 | GF25: 42 | GG25: 66 | GH25: 64 | GJ25: 12 | GK25: 2 | GL25: 25
BV26: 11 | BW26: 16 | BX26: 25 | BY26: 46 | BZ26: 0 | CA26: 3 | CB26: 2 | CC26: 10 | CD26: 50 | CE26: 0 | CF26: 20 | CG26: 30 | CH26: 44 | CI26: 40 | CJ26: 32 | CK26: 66 | CL26: 1 | CM26: 61 | CN26: 6 | CO26: 37 | CP26: 69 | CQ26: 61 | CR26: 48 | CS26: 6 | CT26: 35 | CU26: 3 | CV26: 42 | CW26: 62 | CX26: 58 | CY26: 84 | CZ26: 9 | DA26: 25 | DB26: 44 | DC26: 0 | DD26: 6 | DE26: 4 | DF26: 6 | DG26: 47 | DH26: 0 | DI26: 17 | DJ26: 25 | DK26: 41 | DL26: 31 | DM26: 31 | DN26: 62 | DO26: 1 | DP26: 58 | DQ26: 7 | DR26: 30 | DS26: 65 | DT26: 63 | DU26: 40 | DV26: 6 | DW26: 28 | DX26: 1 | DY26: 43 | DZ26: 60 | EA26: 64 | EB26: 84 | EC26: 5 | ED26: 11 | EE26: 40 | EF26: 0 | EG26: 9 | EH26: 21 | EI26: 21 | EJ26: 53 | EK26: 1 | EL26: 22 | EM26: 22 | EN26: 34 | EO26: 30 | EP26: 15 | EQ26: 45 | ER26: 0 | ES26: 52 | ET26: 30 | EU26: 40 | EV26: 54 | EW26: 45 | EX26: 55 | EY26: 24 | EZ26: 45 | FA26: 1 | FB26: 20 | FC26: 49 | FD26: 68 | FE26: 75 | FF26: 3 | FG26: 10 | FH26: 32 | FI26: 0 | FJ26: 12 | FK26: 26 | FL26: 20 | FM26: 59 | FN26: 0 | FO26: 20 | FP26: 13 | FQ26: 29 | FR26: 28 | FS26: 15 | FT26: 42 | FU26: 1 | FV26: 54 | FW26: 40 | FX26: 32 | FY26: 50 | FZ26: 42 | GA26: 50 | GB26: 40 | GC26: 44 | GD26: 0 | GE26: 20 | GF26: 43 | GG26: 74 | GH26: 69 | GJ26: 13 | GK26: 2 | GL26: 25
BV27: 12 | BW27: 20 | BX27: 29 | BY27: 47 | BZ27: 1 | CA27: 4 | CB27: 3 | CC27: 12 | CD27: 55 | CE27: 0 | CF27: 24 | CG27: 33 | CH27: 46 | CI27: 43 | CJ27: 35 | CK27: 69 | CL27: 1 | CM27: 64 | CN27: 8 | CO27: 42 | CP27: 71 | CQ27: 63 | CR27: 50 | CS27: 9 | CT27: 40 | CU27: 4 | CV27: 44 | CW27: 65 | CX27: 67 | CY27: 90 | CZ27: 10 | DA27: 31 | DB27: 45 | DC27: 0 | DD27: 6 | DE27: 4 | DF27: 7 | DG27: 50 | DH27: 0 | DI27: 20 | DJ27: 26 | DK27: 45 | DL27: 35 | DM27: 33 | DN27: 65 | DO27: 3 | DP27: 62 | DQ27: 12 | DR27: 33 | DS27: 69 | DT27: 66 | DU27: 41 | DV27: 7 | DW27: 35 | DX27: 1 | DY27: 46 | DZ27: 62 | EA27: 74 | EB27: 90 | EC27: 6 | ED27: 14 | EE27: 41 | EF27: 1 | EG27: 11 | EH27: 23 | EI27: 23 | EJ27: 58 | EK27: 1 | EL27: 24 | EM27: 23 | EN27: 40 | EO27: 35 | EP27: 17 | EQ27: 46 | ER27: 1 | ES27: 55 | ET27: 35 | EU27: 42 | EV27: 56 | EW27: 46 | EX27: 58 | EY27: 32 | EZ27: 48 | FA27: 1 | FB27: 24 | FC27: 50 | FD27: 75 | FE27: 81 | FF27: 4 | FG27: 12 | FH27: 34 | FI27: 0 | FJ27: 16 | FK27: 28 | FL27: 24 | FM27: 63 | FN27: 0 | FO27: 23 | FP27: 15 | FQ27: 34 | FR27: 32 | FS27: 18 | FT27: 43 | FU27: 1 | FV27: 57 | FW27: 41 | FX27: 35 | FY27: 53 | FZ27: 43 | GA27: 53 | GB27: 43 | GC27: 46 | GD27: 0 | GE27: 23 | GF27: 44 | GG27: 81 | GH27: 74 | GJ27: 14 | GK27: 2 | GL27: 25
BV28: 13 | BW28: 21 | BX28: 32 | BY28: 48 | BZ28: 1 | CA28: 5 | CB28: 5 | CC28: 13 | CD28: 58 | CE28: 0 | CF28: 28 | CG28: 36 | CH28: 47 | CI28: 47 | CJ28: 40 | CK28: 71 | CL28: 2 | CM28: 67 | CN28: 9 | CO28: 45 | CP28: 72 | CQ28: 65 | CR28: 52 | CS28: 12 | CT28: 43 | CU28: 5 | CV28: 46 | CW28: 66 | CX28: 74 | CY28: 95 | CZ28: 16 | DA28: 36 | DB28: 46 | DC28: 0 | DD28: 6 | DE28: 6 | DF28: 12 | DG28: 55 | DH28: 0 | DI28: 24 | DJ28: 29 | DK28: 46 | DL28: 40 | DM28: 37 | DN28: 73 | DO28: 4 | DP28: 64 | DQ28: 15 | DR28: 40 | DS28: 73 | DT28: 67 | DU28: 43 | DV28: 12 | DW28: 40 | DX28: 2 | DY28: 47 | DZ28: 64 | EA28: 78 | EB28: 91 | EC28: 9 | ED28: 16 | EE28: 42 | EF28: 1 | EG28: 14 | EH28: 25 | EI28: 27 | EJ28: 61 | EK28: 1 | EL28: 26 | EM28: 25 | EN28: 41 | EO28: 40 | EP28: 19 | EQ28: 47 | ER28: 2 | ES28: 59 | ET28: 40 | EU28: 44 | EV28: 60 | EW28: 47 | EX28: 60 | EY28: 40 | EZ28: 50 | FA28: 1 | FB28: 29 | FC28: 51 | FD28: 85 | FE28: 85 | FF28: 7 | FG28: 14 | FH28: 35 | FI28: 0 | FJ28: 18 | FK28: 31 | FL28: 29 | FM28: 66 | FN28: 0 | FO28: 24 | FP28: 18 | FQ28: 35 | FR28: 35 | FS28: 20 | FT28: 44 | FU28: 1 | FV28: 60 | FW28: 44 | FX28: 40 | FY28: 58 | FZ28: 44 | GA28: 55 | GB28: 45 | GC28: 47 | GD28: 1 | GE28: 24 | GF28: 46 | GG28: 84 | GH28: 80 | GJ28: 15 | GK28: 2 | GL28: 25
BV29: 14 | BW29: 24 | BX29: 36 | BY29: 50 | BZ29: 1 | CA29: 7 | CB29: 5 | CC29: 16 | CD29: 62 | CE29: 0 | CF29: 31 | CG29: 40 | CH29: 50 | CI29: 50 | CJ29: 42 | CK29: 72 | CL29: 3 | CM29: 70 | CN29: 14 | CO29: 48 | CP29: 75 | CQ29: 66 | CR29: 55 | CS29: 17 | CT29: 45 | CU29: 6 | CV29: 48 | CW29: 68 | CX29: 84 | CY29: 97 | CZ29: 20 | DA29: 40 | DB29: 48 | DC29: 1 | DD29: 6 | DE29: 9 | DF29: 13 | DG29: 60 | DH29: 0 | DI29: 26 | DJ29: 31 | DK29: 50 | DL29: 42 | DM29: 40 | DN29: 74 | DO29: 6 | DP29: 69 | DQ29: 17 | DR29: 43 | DS29: 75 | DT29: 68 | DU29: 45 | DV29: 12 | DW29: 43 | DX29: 2 | DY29: 48 | DZ29: 64 | EA29: 84 | EB29: 98 | EC29: 12 | ED29: 18 | EE29: 43 | EF29: 1 | EG29: 19 | EH29: 27 | EI29: 29 | EJ29: 66 | EK29: 2 | EL29: 28 | EM29: 27 | EN29: 43 | EO29: 43 | EP29: 21 | EQ29: 48 | ER29: 3 | ES29: 61 | ET29: 42 | EU29: 46 | EV29: 62 | EW29: 48 | EX29: 62 | EY29: 43 | EZ29: 53 | FA29: 1 | FB29: 30 | FC29: 53 | FD29: 94 | FE29: 92 | FF29: 12 | FG29: 19 | FH29: 38 | FI29: 0 | FJ29: 20 | FK29: 34 | FL29: 33 | FM29: 69 | FN29: 0 | FO29: 26 | FP29: 20 | FQ29: 40 | FR29: 37 | FS29: 21 | FT29: 45 | FU29: 2 | FV29: 62 | FW29: 48 | FX29: 43 | FY29: 60 | FZ29: 45 | GA29: 57 | GB29: 47 | GC29: 50 | GD29: 2 | GE29: 25 | GF29: 47 | GG29: 94 | GH29: 84 | GJ29: 16 | GK29: 2 | GL29: 25
BV30: 15 | BW30: 27 | BX30: 40 | BY30: 53 | BZ30: 1 | CA30: 8 | CB30: 6 | CC30: 20 | CD30: 66 | CE30: 0 | CF30: 35 | CG30: 41 | CH30: 53 | CI30: 53 | CJ30: 43 | CK30: 73 | CL30: 5 | CM30: 71 | CN30: 20 | CO30: 50 | CP30: 79 | CQ30: 67 | CR30: 58 | CS30: 20 | CT30: 48 | CU30: 7 | CV30: 50 | CW30: 68 | CX30: 93 | CY30: 99 | CZ30: 22 | DA30: 41 | DB30: 49 | DC30: 1 | DD30: 8 | DE30: 12 | DF30: 13 | DG30: 66 | DH30: 1 | DI30: 29 | DJ30: 34 | DK30: 51 | DL30: 44 | DM30: 41 | DN30: 75 | DO30: 8 | DP30: 72 | DQ30: 20 | DR30: 46 | DS30: 80 | DT30: 69 | DU30: 47 | DV30: 20 | DW30: 46 | DX30: 6 | DY30: 50 | DZ30: 65 | EA30: 92 | EB30: 99 | EC30: 17 | ED30: 20 | EE30: 44 | EF30: 1 | EG30: 20 | EH30: 28 | EI30: 33 | EJ30: 68 | EK30: 2 | EL30: 31 | EM30: 29 | EN30: 45 | EO30: 45 | EP30: 24 | EQ30: 49 | ER30: 4 | ES30: 64 | ET30: 45 | EU30: 48 | EV30: 66 | EW30: 49 | EX30: 64 | EY30: 46 | EZ30: 57 | FA30: 1 | FB30: 35 | FC30: 55 | FD30: 98 | FE30: 98 | FF30: 16 | FG30: 20 | FH30: 40 | FI30: 0 | FJ30: 21 | FK30: 40 | FL30: 35 | FM30: 74 | FN30: 0 | FO30: 27 | FP30: 21 | FQ30: 41 | FR30: 40 | FS30: 23 | FT30: 46 | FU30: 2 | FV30: 64 | FW30: 50 | FX30: 45 | FY30: 65 | FZ30: 46 | GA30: 58 | GB30: 50 | GC30: 53 | GD30: 2 | GE30: 27 | GF30: 48 | GG30: 96 | GH30: 96 | GJ30: 17 | GK30: 2 | GL30: 25
BV31: 16 | BW31: 32 | BX31: 42 | BY31: 55 | BZ31: 1 | CA31: 9 | CB31: 7 | CC31: 22 | CD31: 69 | CE31: 1 | CF31: 38 | CG31: 42 | CH31: 58 | CI31: 58 | CJ31: 44 | CK31: 75 | CL31: 9 | CM31: 73 | CN31: 23 | CO31: 53 | CP31: 82 | CQ31: 69 | CR31: 61 | CS31: 25 | CT31: 50 | CU31: 8 | CV31: 54 | CW31: 69 | CX31: 98 | CY31: 100 | CZ31: 28 | DA31: 42 | DB31: 50 | DC31: 1 | DD31: 8 | DE31: 14 | DF31: 13 | DG31: 68 | DH31: 1 | DI31: 33 | DJ31: 36 | DK31: 57 | DL31: 48 | DM31: 43 | DN31: 78 | DO31: 12 | DP31: 72 | DQ31: 23 | DR31: 50 | DS31: 85 | DT31: 70 | DU31: 49 | DV31: 23 | DW31: 47 | DX31: 6 | DY31: 52 | DZ31: 67 | EA31: 98 | EB31: 100 | EC31: 20 | ED31: 24 | EE31: 45 | EF31: 1 | EG31: 21 | EH31: 31 | EI31: 36 | EJ31: 70 | EK31: 2 | EL31: 35 | EM31: 30 | EN31: 48 | EO31: 48 | EP31: 27 | EQ31: 50 | ER31: 4 | ES31: 66 | ET31: 47 | EU31: 50 | EV31: 68 | EW31: 50 | EX31: 66 | EY31: 48 | EZ31: 60 | FA31: 1 | FB31: 38 | FC31: 56 | FD31: 99 | FE31: 100 | FF31: 20 | FG31: 21 | FH31: 42 | FI31: 1 | FJ31: 23 | FK31: 42 | FL31: 40 | FM31: 75 | FN31: 2 | FO31: 28 | FP31: 22 | FQ31: 42 | FR31: 42 | FS31: 24 | FT31: 47 | FU31: 2 | FV31: 66 | FW31: 53 | FX31: 47 | FY31: 69 | FZ31: 47 | GA31: 60 | GB31: 55 | GC31: 57 | GD31: 2 | GE31: 29 | GF31: 50 | GG31: 98 | GH31: 100 | GJ31: 18 | GK31: 2 | GL31: 25
BV32: 17 | BW32: 36 | BX32: 43 | BY32: 58 | BZ32: 2 | CA32: 10 | CB32: 9 | CC32: 25 | CD32: 71 | CE32: 1 | CF32: 40 | CG32: 43 | CH32: 60 | CI32: 61 | CJ32: 45 | CK32: 77 | CL32: 12 | CM32: 75 | CN32: 26 | CO32: 57 | CP32: 85 | CQ32: 70 | CR32: 65 | CS32: 29 | CT32: 53 | CU32: 9 | CV32: 57 | CW32: 70 | CX32: 100 | CY32: 100 | CZ32: 33 | DA32: 43 | DB32: 52 | DC32: 1 | DD32: 9 | DE32: 17 | DF32: 20 | DG32: 72 | DH32: 1 | DI32: 35 | DJ32: 40 | DK32: 58 | DL32: 50 | DM32: 45 | DN32: 81 | DO32: 15 | DP32: 73 | DQ32: 25 | DR32: 55 | DS32: 100 | DT32: 71 | DU32: 50 | DV32: 26 | DW32: 50 | DX32: 6 | DY32: 53 | DZ32: 69 | EA32: 100 | EB32: 100 | EC32: 22 | ED32: 25 | EE32: 47 | EF32: 1 | EG32: 23 | EH32: 33 | EI32: 40 | EJ32: 72 | EK32: 3 | EL32: 40 | EM32: 32 | EN32: 50 | EO32: 50 | EP32: 32 | EQ32: 51 | ER32: 5 | ES32: 68 | ET32: 50 | EU32: 55 | EV32: 70 | EW32: 51 | EX32: 68 | EY32: 50 | EZ32: 64 | FA32: 2 | FB32: 40 | FC32: 57 | FD32: 100 | FE32: 100 | FF32: 21 | FG32: 25 | FH32: 43 | FI32: 1 | FJ32: 25 | FK32: 44 | FL32: 41 | FM32: 80 | FN32: 2 | FO32: 30 | FP32: 25 | FQ32: 43 | FR32: 45 | FS32: 25 | FT32: 48 | FU32: 2 | FV32: 68 | FW32: 56 | FX32: 48 | FY32: 71 | FZ32: 48 | GA32: 62 | GB32: 58 | GC32: 60 | GD32: 2 | GE32: 31 | GF32: 51 | GG32: 100 | GH32: 100 | GJ32: 19 | GK32: 2 | GL32: 25
BV33: 18 | BW33: 40 | BX33: 44 | BY33: 61 | BZ33: 2 | CA33: 11 | CB33: 15 | CC33: 26 | CD33: 75 | CE33: 1 | CF33: 41 | CG33: 44 | CH33: 65 | CI33: 64 | CJ33: 46 | CK33: 79 | CL33: 14 | CM33: 77 | CN33: 29 | CO33: 62 | CP33: 97 | CQ33: 71 | CR33: 67 | CS33: 34 | CT33: 58 | CU33: 11 | CV33: 59 | CW33: 71 | CX33: 100 | CY33: 100 | CZ33: 36 | DA33: 44 | DB33: 54 | DC33: 1 | DD33: 9 | DE33: 17 | DF33: 20 | DG33: 75 | DH33: 1 | DI33: 40 | DJ33: 41 | DK33: 60 | DL33: 54 | DM33: 46 | DN33: 81 | DO33: 20 | DP33: 75 | DQ33: 30 | DR33: 59 | DS33: 103 | DT33: 72 | DU33: 52 | DV33: 30 | DW33: 54 | DX33: 12 | DY33: 53 | DZ33: 70 | EA33: 100 | EB33: 100 | EC33: 26 | ED33: 28 | EE33: 48 | EF33: 1 | EG33: 26 | EH33: 36 | EI33: 42 | EJ33: 75 | EK33: 4 | EL33: 41 | EM33: 35 | EN33: 53 | EO33: 52 | EP33: 34 | EQ33: 53 | ER33: 6 | ES33: 69 | ET33: 53 | EU33: 58 | EV33: 73 | EW33: 52 | EX33: 69 | EY33: 55 | EZ33: 66 | FA33: 2 | FB33: 41 | FC33: 59 | FD33: 100 | FE33: 100 | FF33: 23 | FG33: 26 | FH33: 44 | FI33: 1 | FJ33: 29 | FK33: 45 | FL33: 42 | FM33: 82 | FN33: 2 | FO33: 33 | FP33: 26 | FQ33: 45 | FR33: 47 | FS33: 26 | FT33: 50 | FU33: 5 | FV33: 70 | FW33: 59 | FX33: 50 | FY33: 72 | FZ33: 49 | GA33: 63 | GB33: 62 | GC33: 63 | GD33: 2 | GE33: 34 | GF33: 52 | GG33: 100 | GH33: 100 | GJ33: 20 | GK33: 2 | GL33: 25
BV34: 19 | BW34: 41 | BX34: 46 | BY34: 63 | BZ34: 2 | CA34: 12 | CB34: 16 | CC34: 29 | CD34: 79 | CE34: 2 | CF34: 43 | CG34: 46 | CH34: 67 | CI34: 68 | CJ34: 48 | CK34: 82 | CL34: 17 | CM34: 80 | CN34: 32 | CO34: 66 | CP34: 98 | CQ34: 72 | CR34: 70 | CS34: 40 | CT34: 61 | CU34: 12 | CV34: 61 | CW34: 72 | CX34: 100 | CY34: 100 | CZ34: 40 | DA34: 45 | DB34: 57 | DC34: 1 | DD34: 1 | DE34: 20 | DF34: 21 | DG34: 79 | DH34: 3 | DI34: 42 | DJ34: 42 | DK34: 62 | DL34: 57 | DM34: 48 | DN34: 83 | DO34: 23 | DP34: 77 | DQ34: 32 | DR34: 63 | DS34: 107 | DT34: 73 | DU34: 55 | DV34: 36 | DW34: 58 | DX34: 12 | DY34: 56 | DZ34: 71 | EA34: 100 | EB34: 100 | EC34: 29 | ED34: 31 | EE34: 49 | EF34: 1 | EG34: 28 | EH34: 38 | EI34: 44 | EJ34: 77 | EK34: 4 | EL34: 42 | EM34: 38 | EN34: 54 | EO34: 54 | EP34: 36 | EQ34: 55 | ER34: 7 | ES34: 71 | ET34: 56 | EU34: 60 | EV34: 75 | EW34: 54 | EX34: 71 | EY34: 59 | EZ34: 67 | FA34: 3 | FB34: 42 | FC34: 60 | FD34: 100 | FE34: 100 | FF34: 25 | FG34: 29 | FH34: 45 | FI34: 1 | FJ34: 31 | FK34: 46 | FL34: 44 | FM34: 85 | FN34: 3 | FO34: 35 | FP34: 28 | FQ34: 46 | FR34: 49 | FS34: 28 | FT34: 53 | FU34: 5 | FV34: 71 | FW34: 61 | FX34: 53 | FY34: 74 | FZ34: 50 | GA34: 65 | GB34: 65 | GC34: 65 | GD34: 2 | GE34: 36 | GF34: 54 | GG34: 100 | GH34: 100 | GJ34: 21 | GK34: 2 | GL34: 25
BV35: 20 | BW35: 43 | BX35: 48 | BY35: 65 | BZ35: 3 | CA35: 13 | CB35: 20 | CC35: 31 | CD35: 83 | CE35: 2 | CF35: 44 | CG35: 47 | CH35: 68 | CI35: 70 | CJ35: 50 | CK35: 85 | CL35: 19 | CM35: 81 | CN35: 36 | CO35: 69 | CP35: 100 | CQ35: 73 | CR35: 72 | CS35: 43 | CT35: 64 | CU35: 15 | CV35: 63 | CW35: 72 | CX35: 100 | CY35: 100 | CZ35: 41 | DA35: 47 | DB35: 60 | DC35: 1 | DD35: 16 | DE35: 21 | DF35: 22 | DG35: 79 | DH35: 3 | DI35: 43 | DJ35: 44 | DK35: 64 | DL35: 60 | DM35: 50 | DN35: 83 | DO35: 25 | DP35: 80 | DQ35: 35 | DR35: 67 | DS35: 107 | DT35: 73 | DU35: 57 | DV35: 40 | DW35: 62 | DX35: 16 | DY35: 57 | DZ35: 72 | EA35: 100 | EB35: 100 | EC35: 33 | ED35: 34 | EE35: 50 | EF35: 1 | EG35: 30 | EH35: 40 | EI35: 45 | EJ35: 79 | EK35: 5 | EL35: 43 | EM35: 40 | EN35: 57 | EO35: 56 | EP35: 39 | EQ35: 58 | ER35: 7 | ES35: 73 | ET35: 59 | EU35: 63 | EV35: 77 | EW35: 56 | EX35: 72 | EY35: 63 | EZ35: 69 | FA35: 4 | FB35: 43 | FC35: 62 | FD35: 100 | FE35: 100 | FF35: 28 | FG35: 31 | FH35: 46 | FI35: 1 | FJ35: 34 | FK35: 47 | FL35: 45 | FM35: 89 | FN35: 4 | FO35: 38 | FP35: 30 | FQ35: 48 | FR35: 50 | FS35: 29 | FT35: 57 | FU35: 11 | FV35: 73 | FW35: 64 | FX35: 56 | FY35: 75 | FZ35: 52 | GA35: 66 | GB35: 68 | GC35: 66 | GD35: 5 | GE35: 39 | GF35: 56 | GG35: 100 | GH35: 100 | GJ35: 22 | GK35: 2 | GL35: 25
BV36: 21 | BW36: 44 | BX36: 49 | BY36: 66 | BZ36: 4 | CA36: 15 | CB36: 21 | CC36: 34 | CD36: 85 | CE36: 3 | CF36: 46 | CG36: 48 | CH36: 69 | CI36: 71 | CJ36: 51 | CK36: 92 | CL36: 20 | CM36: 82 | CN36: 40 | CO36: 72 | CP36: 102 | CQ36: 74 | CR36: 73 | CS36: 45 | CT36: 67 | CU36: 17 | CV36: 65 | CW36: 73 | CX36: 100 | CY36: 100 | CZ36: 43 | DA36: 48 | DB36: 62 | DC36: 1 | DD36: 16 | DE36: 22 | DF36: 24 | DG36: 85 | DH36: 3 | DI36: 44 | DJ36: 46 | DK36: 67 | DL36: 62 | DM36: 51 | DN36: 85 | DO36: 28 | DP36: 82 | DQ36: 40 | DR36: 69 | DS36: 107 | DT36: 74 | DU36: 60 | DV36: 42 | DW36: 65 | DX36: 20 | DY36: 59 | DZ36: 73 | EA36: 100 | EB36: 100 | EC36: 37 | ED36: 37 | EE36: 52 | EF36: 2 | EG36: 32 | EH36: 42 | EI36: 46 | EJ36: 80 | EK36: 6 | EL36: 44 | EM36: 41 | EN36: 58 | EO36: 59 | EP36: 40 | EQ36: 60 | ER36: 8 | ES36: 75 | ET36: 62 | EU36: 65 | EV36: 80 | EW36: 57 | EX36: 74 | EY36: 65 | EZ36: 71 | FA36: 6 | FB36: 45 | FC36: 63 | FD36: 100 | FE36: 100 | FF36: 29 | FG36: 33 | FH36: 47 | FI36: 1 | FJ36: 37 | FK36: 48 | FL36: 46 | FM36: 97 | FN36: 5 | FO36: 40 | FP36: 32 | FQ36: 50 | FR36: 53 | FS36: 30 | FT36: 60 | FU36: 16 | FV36: 74 | FW36: 67 | FX36: 60 | FY36: 79 | FZ36: 53 | GA36: 67 | GB36: 70 | GC36: 69 | GD36: 7 | GE36: 40 | GF36: 57 | GG36: 100 | GH36: 100 | GJ36: 23 | GK36: 2 | GL36: 25 | GT36: -100 | GU36: -7
BV37: 22 | BW37: 46 | BX37: 50 | BY37: 68 | BZ37: 5 | CA37: 17 | CB37: 22 | CC37: 37 | CD37: 89 | CE37: 5 | CF37: 47 | CG37: 49 | CH37: 70 | CI37: 72 | CJ37: 52 | CK37: 103 | CL37: 22 | CM37: 85 | CN37: 43 | CO37: 75 | CP37: 102 | CQ37: 75 | CR37: 74 | CS37: 48 | CT37: 70 | CU37: 20 | CV37: 67 | CW37: 74 | CX37: 100 | CY37: 100 | CZ37: 45 | DA37: 49 | DB37: 62 | DC37: 3 | DD37: 18 | DE37: 24 | DF37: 25 | DG37: 87 | DH37: 3 | DI37: 46 | DJ37: 46 | DK37: 70 | DL37: 64 | DM37: 52 | DN37: 87 | DO37: 32 | DP37: 85 | DQ37: 41 | DR37: 72 | DS37: 112 | DT37: 74 | DU37: 61 | DV37: 45 | DW37: 69 | DX37: 25 | DY37: 61 | DZ37: 74 | EA37: 100 | EB37: 100 | EC37: 40 | ED37: 40 | EE37: 53 | EF37: 2 | EG37: 34 | EH37: 44 | EI37: 47 | EJ37: 82 | EK37: 6 | EL37: 45 | EM37: 42 | EN37: 61 | EO37: 62 | EP37: 41 | EQ37: 63 | ER37: 9 | ES37: 79 | ET37: 64 | EU37: 67 | EV37: 82 | EW37: 58 | EX37: 75 | EY37: 68 | EZ37: 73 | FA37: 7 | FB37: 47 | FC37: 64 | FD37: 100 | FE37: 100 | FF37: 32 | FG37: 36 | FH37: 48 | FI37: 1 | FJ37: 40 | FK37: 49 | FL37: 47 | FM37: 99 | FN37: 5 | FO37: 41 | FP37: 33 | FQ37: 53 | FR37: 55 | FS37: 31 | FT37: 61 | FU37: 20 | FV37: 75 | FW37: 68 | FX37: 63 | FY37: 81 | FZ37: 54 | GA37: 68 | GB37: 73 | GC37: 72 | GD37: 8 | GE37: 41 | GF37: 61 | GG37: 100 | GH37: 100 | GJ37: 24 | GK37: 2 | GL37: 25 | GT37: -99 | GU37: -7
BV38: 23 | BW38: 47 | BX38: 52 | BY38: 71 | BZ38: 7 | CA38: 20 | CB38: 25 | CC38: 40 | CD38: 91 | CE38: 6 | CF38: 49 | CG38: 50 | CH38: 72 | CI38: 73 | CJ38: 54 | CK38: 105 | CL38: 24 | CM38: 88 | CN38: 45 | CO38: 79 | CP38: 106 | CQ38: 80 | CR38: 75 | CS38: 50 | CT38: 73 | CU38: 21 | CV38: 68 | CW38: 75 | CX38: 100 | CY38: 100 | CZ38: 46 | DA38: 50 | DB38: 63 | DC38: 3 | DD38: 20 | DE38: 27 | DF38: 27 | DG38: 90 | DH38: 5 | DI38: 48 | DJ38: 47 | DK38: 73 | DL38: 68 | DM38: 54 | DN38: 92 | DO38: 37 | DP38: 90 | DQ38: 43 | DR38: 75 | DS38: 112 | DT38: 75 | DU38: 62 | DV38: 47 | DW38: 72 | DX38: 28 | DY38: 62 | DZ38: 75 | EA38: 100 | EB38: 100 | EC38: 42 | ED38: 41 | EE38: 55 | EF38: 2 | EG38: 37 | EH38: 45 | EI38: 48 | EJ38: 84 | EK38: 7 | EL38: 47 | EM38: 43 | EN38: 62 | EO38: 64 | EP38: 42 | EQ38: 66 | ER38: 12 | ES38: 80 | ET38: 67 | EU38: 70 | EV38: 85 | EW38: 60 | EX38: 76 | EY38: 71 | EZ38: 75 | FA38: 8 | FB38: 49 | FC38: 65 | FD38: 100 | FE38: 100 | FF38: 38 | FG38: 37 | FH38: 49 | FI38: 1 | FJ38: 41 | FK38: 50 | FL38: 48 | FM38: 100 | FN38: 8 | FO38: 42 | FP38: 34 | FQ38: 55 | FR38: 57 | FS38: 33 | FT38: 64 | FU38: 24 | FV38: 78 | FW38: 70 | FX38: 65 | FY38: 83 | FZ38: 56 | GA38: 70 | GB38: 74 | GC38: 75 | GD38: 9 | GE38: 42 | GF38: 62 | GG38: 100 | GH38: 100 | GJ38: 25 | GK38: 2 | GL38: 25 | GT38: -98 | GU38: -7
BV39: 24 | BW39: 49 | BX39: 56 | BY39: 73 | BZ39: 8 | CA39: 21 | CB39: 27 | CC39: 42 | CD39: 92 | CE39: 7 | CF39: 50 | CG39: 52 | CH39: 75 | CI39: 75 | CJ39: 57 | CK39: 107 | CL39: 28 | CM39: 92 | CN39: 50 | CO39: 82 | CP39: 108 | CQ39: 81 | CR39: 77 | CS39: 54 | CT39: 75 | CU39: 24 | CV39: 69 | CW39: 76 | CX39: 100 | CY39: 100 | CZ39: 47 | DA39: 52 | DB39: 63 | DC39: 3 | DD39: 22 | DE39: 31 | DF39: 32 | DG39: 90 | DH39: 5 | DI39: 49 | DJ39: 48 | DK39: 74 | DL39: 71 | DM39: 54 | DN39: 100 | DO39: 40 | DP39: 90 | DQ39: 46 | DR39: 79 | DS39: 112 | DT39: 77 | DU39: 65 | DV39: 50 | DW39: 75 | DX39: 30 | DY39: 65 | DZ39: 81 | EA39: 100 | EB39: 100 | EC39: 43 | ED39: 43 | EE39: 58 | EF39: 2 | EG39: 38 | EH39: 47 | EI39: 49 | EJ39: 85 | EK39: 9 | EL39: 48 | EM39: 44 | EN39: 65 | EO39: 67 | EP39: 42 | EQ39: 69 | ER39: 14 | ES39: 82 | ET39: 71 | EU39: 72 | EV39: 89 | EW39: 62 | EX39: 78 | EY39: 73 | EZ39: 78 | FA39: 9 | FB39: 50 | FC39: 66 | FD39: 100 | FE39: 100 | FF39: 40 | FG39: 40 | FH39: 50 | FI39: 1 | FJ39: 42 | FK39: 52 | FL39: 49 | FM39: 100 | FN39: 12 | FO39: 43 | FP39: 35 | FQ39: 57 | FR39: 59 | FS39: 34 | FT39: 65 | FU39: 26 | FV39: 82 | FW39: 73 | FX39: 68 | FY39: 85 | FZ39: 57 | GA39: 72 | GB39: 75 | GC39: 79 | GD39: 10 | GE39: 43 | GF39: 63 | GG39: 100 | GH39: 100 | GJ39: 26 | GK39: 2 | GL39: 25 | GT39: -97 | GU39: -7
BV40: 25 | BW40: 50 | BX40: 59 | BY40: 74 | BZ40: 8 | CA40: 22 | CB40: 29 | CC40: 44 | CD40: 93 | CE40: 9 | CF40: 53 | CG40: 55 | CH40: 78 | CI40: 77 | CJ40: 59 | CK40: 110 | CL40: 31 | CM40: 98 | CN40: 54 | CO40: 85 | CP40: 114 | CQ40: 85 | CR40: 79 | CS40: 57 | CT40: 79 | CU40: 28 | CV40: 71 | CW40: 78 | CX40: 100 | CY40: 100 | CZ40: 48 | DA40: 55 | DB40: 63 | DC40: 3 | DD40: 23 | DE40: 33 | DF40: 35 | DG40: 92 | DH40: 5 | DI40: 50 | DJ40: 49 | DK40: 75 | DL40: 73 | DM40: 57 | DN40: 105 | DO40: 44 | DP40: 92 | DQ40: 48 | DR40: 85 | DS40: 112 | DT40: 77 | DU40: 68 | DV40: 53 | DW40: 82 | DX40: 37 | DY40: 66 | DZ40: 83 | EA40: 100 | EB40: 100 | EC40: 45 | ED40: 44 | EE40: 60 | EF40: 3 | EG40: 40 | EH40: 50 | EI40: 50 | EJ40: 95 | EK40: 11 | EL40: 49 | EM40: 45 | EN40: 67 | EO40: 69 | EP40: 43 | EQ40: 72 | ER40: 15 | ES40: 85 | ET40: 73 | EU40: 74 | EV40: 95 | EW40: 64 | EX40: 79 | EY40: 75 | EZ40: 82 | FA40: 10 | FB40: 52 | FC40: 67 | FD40: 100 | FE40: 100 | FF40: 42 | FG40: 41 | FH40: 51 | FI40: 1 | FJ40: 43 | FK40: 54 | FL40: 50 | FM40: 102 | FN40: 13 | FO40: 45 | FP40: 36 | FQ40: 60 | FR40: 61 | FS40: 37 | FT40: 68 | FU40: 32 | FV40: 85 | FW40: 75 | FX40: 71 | FY40: 89 | FZ40: 59 | GA40: 73 | GB40: 77 | GC40: 81 | GD40: 17 | GE40: 44 | GF40: 65 | GG40: 100 | GH40: 100 | GJ40: 27 | GK40: 2 | GL40: 25 | GT40: -96 | GU40: -7
BV41: 26 | BW41: 51 | BX41: 61 | BY41: 75 | BZ41: 9 | CA41: 23 | CB41: 31 | CC41: 46 | CD41: 99 | CE41: 12 | CF41: 54 | CG41: 56 | CH41: 83 | CI41: 79 | CJ41: 60 | CK41: 110 | CL41: 34 | CM41: 101 | CN41: 57 | CO41: 88 | CP41: 114 | CQ41: 90 | CR41: 80 | CS41: 60 | CT41: 83 | CU41: 32 | CV41: 72 | CW41: 79 | CX41: 100 | CY41: 100 | CZ41: 50 | DA41: 58 | DB41: 63 | DC41: 3 | DD41: 23 | DE41: 36 | DF41: 40 | DG41: 95 | DH41: 8 | DI41: 52 | DJ41: 50 | DK41: 77 | DL41: 75 | DM41: 59 | DN41: 110 | DO41: 50 | DP41: 95 | DQ41: 50 | DR41: 88 | DS41: 112 | DT41: 77 | DU41: 69 | DV41: 55 | DW41: 85 | DX41: 40 | DY41: 67 | DZ41: 85 | EA41: 100 | EB41: 100 | EC41: 46 | ED41: 45 | EE41: 62 | EF41: 3 | EG41: 41 | EH41: 53 | EI41: 52 | EJ41: 97 | EK41: 12 | EL41: 50 | EM41: 46 | EN41: 69 | EO41: 71 | EP41: 44 | EQ41: 75 | ER41: 18 | ES41: 90 | ET41: 75 | EU41: 75 | EV41: 98 | EW41: 66 | EX41: 80 | EY41: 79 | EZ41: 85 | FA41: 12 | FB41: 54 | FC41: 68 | FD41: 100 | FE41: 100 | FF41: 43 | FG41: 42 | FH41: 52 | FI41: 2 | FJ41: 45 | FK41: 56 | FL41: 52 | FM41: 103 | FN41: 17 | FO41: 47 | FP41: 38 | FQ41: 63 | FR41: 63 | FS41: 38 | FT41: 72 | FU41: 36 | FV41: 91 | FW41: 80 | FX41: 73 | FY41: 95 | FZ41: 61 | GA41: 75 | GB41: 81 | GC41: 85 | GD41: 20 | GE41: 45 | GF41: 66 | GG41: 100 | GH41: 100 | GJ41: 28 | GK41: 2 | GL41: 25 | GT41: -95 | GU41: -7
A42: 1 | B42: =IF('DATOS Y RESPUESTAS'!C14="v",1,0) -> 0 | C42: =IF('DATOS Y RESPUESTAS'!C14="f",1,0) -> 1 | D42: 26 | E42: =IF('DATOS Y RESPUESTAS'!E14="v",1,0) -> 0 | F42: =IF('DATOS Y RESPUESTAS'!E14="f",1,0) -> 1 | H42: 51 | I42: =IF('DATOS Y RESPUESTAS'!G14="v",1,0) -> 0 | J42: =IF('DATOS Y RESPUESTAS'!G14="f",1,0) -> 1 | K42: 76 | L42: =IF('DATOS Y RESPUESTAS'!I14="v",1,0) -> 0 | M42: =IF('DATOS Y RESPUESTAS'!I14="f",1,0) -> 1 | N42: 101 | O42: =IF('DATOS Y RESPUESTAS'!K14="v",1,0) -> 0 | P42: =IF('DATOS Y RESPUESTAS'!K14="f",1,0) -> 1 | Q42: 126 | R42: =IF('DATOS Y RESPUESTAS'!M14="v",1,0) -> 0 | S42: =IF('DATOS Y RESPUESTAS'!M14="f",1,0) -> 1 | V42: 151 | X42: =IF('DATOS Y RESPUESTAS'!O14="v",1,0) -> 0 | Y42: =IF('DATOS Y RESPUESTAS'!O14="f",1,0) -> 1 | BV42: 27 | BW42: 54 | BX42: 62 | BY42: 76 | BZ42: 9 | CA42: 24 | CB42: 34 | CC42: 47 | CD42: 103 | CE42: 14 | CF42: 57 | CG42: 58 | CH42: 85 | CI42: 82 | CJ42: 61 | CK42: 111 | CL42: 40 | CM42: 105 | CN42: 61 | CO42: 94 | CP42: 114 | CQ42: 92 | CR42: 82 | CS42: 64 | CT42: 85 | CU42: 36 | CV42: 73 | CW42: 81 | CX42: 100 | CY42: 100 | CZ42: 51 | DA42: 59 | DB42: 65 | DC42: 4 | DD42: 24 | DE42: 37 | DF42: 42 | DG42: 98 | DH42: 8 | DI42: 54 | DJ42: 53 | DK42: 84 | DL42: 77 | DM42: 61 | DN42: 110 | DO42: 55 | DP42: 100 | DQ42: 54 | DR42: 98 | DS42: 112 | DT42: 80 | DU42: 70 | DV42: 59 | DW42: 89 | DX42: 43 | DY42: 70 | DZ42: 89 | EA42: 100 | EB42: 100 | EC42: 48 | ED42: 46 | EE42: 64 | EF42: 3 | EG42: 42 | EH42: 56 | EI42: 55 | EJ42: 102 | EK42: 15 | EL42: 51 | EM42: 47 | EN42: 71 | EO42: 73 | EP42: 45 | EQ42: 79 | ER42: 23 | ES42: 93 | ET42: 79 | EU42: 78 | EV42: 102 | EW42: 68 | EX42: 81 | EY42: 83 | EZ42: 91 | FA42: 13 | FB42: 55 | FC42: 69 | FD42: 100 | FE42: 100 | FF42: 45 | FG42: 44 | FH42: 54 | FI42: 3 | FJ42: 46 | FK42: 59 | FL42: 54 | FM42: 105 | FN42: 20 | FO42: 50 | FP42: 40 | FQ42: 64 | FR42: 65 | FS42: 40 | FT42: 75 | FU42: 40 | FV42: 93 | FW42: 83 | FX42: 75 | FY42: 100 | FZ42: 62 | GA42: 78 | GB42: 85 | GC42: 92 | GD42: 21 | GE42: 47 | GF42: 67 | GG42: 100 | GH42: 100 | GJ42: 29 | GK42: 2 | GL42: 25 | GT42: -94 | GU42: -7
A43: 2 | B43: =IF('DATOS Y RESPUESTAS'!C15="v",1,0) -> 1 | C43: =IF('DATOS Y RESPUESTAS'!C15="f",1,0) -> 0 | D43: 27 | E43: =IF('DATOS Y RESPUESTAS'!E15="v",1,0) -> 0 | F43: =IF('DATOS Y RESPUESTAS'!E15="f",1,0) -> 1 | H43: 52 | I43: =IF('DATOS Y RESPUESTAS'!G15="v",1,0) -> 0 | J43: =IF('DATOS Y RESPUESTAS'!G15="f",1,0) -> 1 | K43: 77 | L43: =IF('DATOS Y RESPUESTAS'!I15="v",1,0) -> 1 | M43: =IF('DATOS Y RESPUESTAS'!I15="f",1,0) -> 0 | N43: 102 | O43: =IF('DATOS Y RESPUESTAS'!K15="v",1,0) -> 0 | P43: =IF('DATOS Y RESPUESTAS'!K15="f",1,0) -> 1 | Q43: 127 | R43: =IF('DATOS Y RESPUESTAS'!M15="v",1,0) -> 0 | S43: =IF('DATOS Y RESPUESTAS'!M15="f",1,0) -> 1 | V43: 152 | X43: =IF('DATOS Y RESPUESTAS'!O15="v",1,0) -> 0 | Y43: =IF('DATOS Y RESPUESTAS'!O15="f",1,0) -> 1 | BV43: 28 | BW43: 56 | BX43: 63 | BY43: 77 | BZ43: 10 | CA43: 26 | CB43: 37 | CC43: 48 | CD43: 105 | CE43: 15 | CF43: 60 | CG43: 60 | CH43: 90 | CI43: 85 | CJ43: 62 | CK43: 111 | CL43: 44 | CM43: 109 | CN43: 65 | CO43: 97 | CP43: 114 | CQ43: 95 | CR43: 83 | CS43: 68 | CT43: 89 | CU43: 40 | CV43: 74 | CW43: 84 | CX43: 100 | CY43: 100 | CZ43: 53 | DA43: 60 | DB43: 67 | DC43: 6 | DD43: 27 | DE43: 40 | DF43: 45 | DG43: 105 | DH43: 10 | DI43: 56 | DJ43: 55 | DK43: 85 | DL43: 83 | DM43: 62 | DN43: 110 | DO43: 59 | DP43: 105 | DQ43: 60 | DR43: 101 | DS43: 112 | DT43: 85 | DU43: 71 | DV43: 62 | DW43: 96 | DX43: 45 | DY43: 72 | DZ43: 96 | EA43: 100 | EB43: 100 | EC43: 49 | ED43: 47 | EE43: 66 | EF43: 4 | EG43: 43 | EH43: 59 | EI43: 58 | EJ43: 104 | EK43: 16 | EL43: 54 | EM43: 48 | EN43: 73 | EO43: 75 | EP43: 46 | EQ43: 85 | ER43: 28 | ES43: 99 | ET43: 81 | EU43: 81 | EV43: 103 | EW43: 70 | EX43: 82 | EY43: 85 | EZ43: 95 | FA43: 16 | FB43: 57 | FC43: 70 | FD43: 100 | FE43: 100 | FF43: 46 | FG43: 46 | FH43: 57 | FI43: 3 | FJ43: 47 | FK43: 62 | FL43: 57 | FM43: 106 | FN43: 21 | FO43: 53 | FP43: 41 | FQ43: 69 | FR43: 68 | FS43: 41 | FT43: 85 | FU43: 42 | FV43: 99 | FW43: 85 | FX43: 80 | FY43: 102 | FZ43: 63 | GA43: 80 | GB43: 92 | GC43: 97 | GD43: 22 | GE43: 48 | GF43: 69 | GG43: 100 | GH43: 100 | GJ43: 30 | GK43: 2 | GL43: 25 | GT43: -93 | GU43: -7
A44: 3 | B44: =IF('DATOS Y RESPUESTAS'!C16="v",1,0) -> 0 | C44: =IF('DATOS Y RESPUESTAS'!C16="f",1,0) -> 1 | D44: 28 | E44: =IF('DATOS Y RESPUESTAS'!E16="v",1,0) -> 0 | F44: =IF('DATOS Y RESPUESTAS'!E16="f",1,0) -> 1 | H44: 53 | I44: =IF('DATOS Y RESPUESTAS'!G16="v",1,0) -> 0 | J44: =IF('DATOS Y RESPUESTAS'!G16="f",1,0) -> 1 | K44: 78 | L44: =IF('DATOS Y RESPUESTAS'!I16="v",1,0) -> 0 | M44: =IF('DATOS Y RESPUESTAS'!I16="f",1,0) -> 1 | N44: 103 | O44: =IF('DATOS Y RESPUESTAS'!K16="v",1,0) -> 0 | P44: =IF('DATOS Y RESPUESTAS'!K16="f",1,0) -> 1 | Q44: 128 | R44: =IF('DATOS Y RESPUESTAS'!M16="v",1,0) -> 0 | S44: =IF('DATOS Y RESPUESTAS'!M16="f",1,0) -> 1 | V44: 153 | X44: =IF('DATOS Y RESPUESTAS'!O16="v",1,0) -> 0 | Y44: =IF('DATOS Y RESPUESTAS'!O16="f",1,0) -> 1 | BV44: 29 | BW44: 59 | BX44: 65 | BY44: 78 | BZ44: 11 | CA44: 28 | CB44: 40 | CC44: 49 | CD44: 105 | CE44: 18 | CF44: 63 | CG44: 62 | CH44: 97 | CI44: 91 | CJ44: 65 | CK44: 114 | CL44: 48 | CM44: 111 | CN44: 69 | CO44: 102 | CP44: 114 | CQ44: 95 | CR44: 84 | CS44: 72 | CT44: 93 | CU44: 43 | CV44: 75 | CW44: 85 | CX44: 100 | CY44: 100 | CZ44: 57 | DA44: 63 | DB44: 71 | DC44: 8 | DD44: 29 | DE44: 41 | DF44: 46 | DG44: 110 | DH44: 13 | DI44: 57 | DJ44: 56 | DK44: 88 | DL44: 85 | DM44: 63 | DN44: 113 | DO44: 63 | DP44: 108 | DQ44: 64 | DR44: 105 | DS44: 112 | DT44: 98 | DU44: 72 | DV44: 64 | DW44: 106 | DX44: 48 | DY44: 73 | DZ44: 96 | EA44: 100 | EB44: 100 | EC44: 50 | ED44: 48 | EE44: 68 | EF44: 5 | EG44: 46 | EH44: 61 | EI44: 59 | EJ44: 106 | EK44: 17 | EL44: 56 | EM44: 49 | EN44: 75 | EO44: 80 | EP44: 47 | EQ44: 98 | ER44: 34 | ES44: 105 | ET44: 83 | EU44: 85 | EV44: 105 | EW44: 72 | EX44: 83 | EY44: 90 | EZ44: 101 | FA44: 19 | FB44: 58 | FC44: 71 | FD44: 100 | FE44: 100 | FF44: 48 | FG44: 47 | FH44: 59 | FI44: 4 | FJ44: 48 | FK44: 64 | FL44: 59 | FM44: 108 | FN44: 23 | FO44: 55 | FP44: 42 | FQ44: 72 | FR44: 71 | FS44: 42 | FT44: 97 | FU44: 44 | FV44: 105 | FW44: 92 | FX44: 83 | FY44: 105 | FZ44: 66 | GA44: 80 | GB44: 102 | GC44: 104 | GD44: 24 | GE44: 49 | GF44: 70 | GG44: 100 | GH44: 100 | GJ44: 31 | GK44: 2 | GL44: 25 | GT44: -92 | GU44: -7
A45: 4 | B45: =IF('DATOS Y RESPUESTAS'!C17="v",1,0) -> 1 | C45: =IF('DATOS Y RESPUESTAS'!C17="f",1,0) -> 0 | D45: 29 | E45: =IF('DATOS Y RESPUESTAS'!E17="v",1,0) -> 0 | F45: =IF('DATOS Y RESPUESTAS'!E17="f",1,0) -> 1 | H45: 54 | I45: =IF('DATOS Y RESPUESTAS'!G17="v",1,0) -> 1 | J45: =IF('DATOS Y RESPUESTAS'!G17="f",1,0) -> 0 | K45: 79 | L45: =IF('DATOS Y RESPUESTAS'!I17="v",1,0) -> 0 | M45: =IF('DATOS Y RESPUESTAS'!I17="f",1,0) -> 1 | N45: 104 | O45: =IF('DATOS Y RESPUESTAS'!K17="v",1,0) -> 0 | P45: =IF('DATOS Y RESPUESTAS'!K17="f",1,0) -> 1 | Q45: 129 | R45: =IF('DATOS Y RESPUESTAS'!M17="v",1,0) -> 1 | S45: =IF('DATOS Y RESPUESTAS'!M17="f",1,0) -> 0 | V45: 154 | X45: =IF('DATOS Y RESPUESTAS'!O17="v",1,0) -> 0 | Y45: =IF('DATOS Y RESPUESTAS'!O17="f",1,0) -> 1 | BV45: 30 | BW45: 62 | BX45: 69 | BY45: 79 | BZ45: 13 | CA45: 31 | CB45: 43 | CC45: 50 | CD45: 106 | CE45: 20 | CF45: 64 | CG45: 63 | CH45: 99 | CI45: 95 | CJ45: 67 | CK45: 115 | CL45: 50 | CM45: 112 | CN45: 71 | CO45: 105 | CP45: 115 | CQ45: 95 | CR45: 84 | CS45: 74 | CT45: 103 | CU45: 47 | CV45: 76 | CW45: 90 | CX45: 100 | CY45: 100 | CZ45: 60 | DA45: 63 | DB45: 75 | DC45: 8 | DD45: 30 | DE45: 43 | DF45: 47 | DG45: 110 | DH45: 20 | DI45: 59 | DJ45: 58 | DK45: 95 | DL45: 91 | DM45: 64 | DN45: 115 | DO45: 65 | DP45: 113 | DQ45: 65 | DR45: 105 | DS45: 112 | DT45: 102 | DU45: 75 | DV45: 66 | DW45: 106 | DX45: 50 | DY45: 73 | DZ45: 96 | EA45: 100 | EB45: 100 | EC45: 53 | ED45: 49 | EE45: 69 | EF45: 6 | EG45: 48 | EH45: 64 | EI45: 63 | EJ45: 107 | EK45: 20 | EL45: 57 | EM45: 49 | EN45: 79 | EO45: 85 | EP45: 48 | EQ45: 109 | ER45: 40 | ES45: 110 | ET45: 85 | EU45: 95 | EV45: 106 | EW45: 73 | EX45: 84 | EY45: 92 | EZ45: 109 | FA45: 22 | FB45: 59 | FC45: 73 | FD45: 100 | FE45: 100 | FF45: 49 | FG45: 48 | FH45: 61 | FI45: 5 | FJ45: 49 | FK45: 67 | FL45: 60 | FM45: 108 | FN45: 24 | FO45: 57 | FP45: 43 | FQ45: 75 | FR45: 75 | FS45: 43 | FT45: 108 | FU45: 47 | FV45: 108 | FW45: 94 | FX45: 85 | FY45: 106 | FZ45: 67 | GA45: 83 | GB45: 105 | GC45: 105 | GD45: 28 | GE45: 50 | GF45: 71 | GG45: 100 | GH45: 100 | GJ45: 32 | GK45: 2 | GL45: 25 | GT45: -91 | GU45: -7
A46: 5 | B46: =IF('DATOS Y RESPUESTAS'!C18="v",1,0) -> 0 | C46: =IF('DATOS Y RESPUESTAS'!C18="f",1,0) -> 1 | D46: 30 | E46: =IF('DATOS Y RESPUESTAS'!E18="v",1,0) -> 0 | F46: =IF('DATOS Y RESPUESTAS'!E18="f",1,0) -> 1 | H46: 55 | I46: =IF('DATOS Y RESPUESTAS'!G18="v",1,0) -> 0 | J46: =IF('DATOS Y RESPUESTAS'!G18="f",1,0) -> 1 | K46: 80 | L46: =IF('DATOS Y RESPUESTAS'!I18="v",1,0) -> 0 | M46: =IF('DATOS Y RESPUESTAS'!I18="f",1,0) -> 1 | N46: 105 | O46: =IF('DATOS Y RESPUESTAS'!K18="v",1,0) -> 0 | P46: =IF('DATOS Y RESPUESTAS'!K18="f",1,0) -> 1 | Q46: 130 | R46: =IF('DATOS Y RESPUESTAS'!M18="v",1,0) -> 0 | S46: =IF('DATOS Y RESPUESTAS'!M18="f",1,0) -> 1 | V46: 155 | X46: =IF('DATOS Y RESPUESTAS'!O18="v",1,0) -> 0 | Y46: =IF('DATOS Y RESPUESTAS'!O18="f",1,0) -> 1 | BV46: 31 | BW46: 64 | BX46: 70 | BY46: 80 | BZ46: 14 | CA46: 34 | CB46: 45 | CC46: 52 | CD46: 106 | CE46: 21 | CF46: 66 | CG46: 64 | CH46: 102 | CI46: 99 | CJ46: 68 | CK46: 115 | CL46: 54 | CM46: 112 | CN46: 73 | CO46: 108 | CP46: 115 | CQ46: 97 | CR46: 85 | CS46: 75 | CT46: 107 | CU46: 50 | CV46: 78 | CW46: 92 | CX46: 100 | CY46: 100 | CZ46: 64 | DA46: 66 | DB46: 77 | DC46: 11 | DD46: 33 | DE46: 45 | DF46: 48 | DG46: 110 | DH46: 23 | DI46: 63 | DJ46: 60 | DK46: 98 | DL46: 96 | DM46: 65 | DN46: 115 | DO46: 68 | DP46: 115 | DQ46: 69 | DR46: 105 | DS46: 112 | DT46: 106 | DU46: 80 | DV46: 71 | DW46: 106 | DX46: 53 | DY46: 74 | DZ46: 96 | EA46: 100 | EB46: 100 | EC46: 55 | ED46: 50 | EE46: 71 | EF46: 6 | EG46: 50 | EH46: 67 | EI46: 65 | EJ46: 109 | EK46: 21 | EL46: 58 | EM46: 50 | EN46: 82 | EO46: 94 | EP46: 49 | EQ46: 113 | ER46: 43 | ES46: 114 | ET46: 92 | EU46: 97 | EV46: 111 | EW46: 75 | EX46: 85 | EY46: 99 | EZ46: 110 | FA46: 25 | FB46: 60 | FC46: 74 | FD46: 100 | FE46: 100 | FF46: 50 | FG46: 49 | FH46: 62 | FI46: 5 | FJ46: 50 | FK46: 70 | FL46: 61 | FM46: 109 | FN46: 25 | FO46: 58 | FP46: 44 | FQ46: 80 | FR46: 79 | FS46: 44 | FT46: 114 | FU46: 50 | FV46: 112 | FW46: 96 | FX46: 92 | FY46: 109 | FZ46: 68 | GA46: 84 | GB46: 107 | GC46: 112 | GD46: 31 | GE46: 51 | GF46: 72 | GG46: 100 | GH46: 100 | GJ46: 33 | GK46: 2 | GL46: 25 | GT46: -90 | GU46: -7
A47: 6 | B47: =IF('DATOS Y RESPUESTAS'!C19="v",1,0) -> 1 | C47: =IF('DATOS Y RESPUESTAS'!C19="f",1,0) -> 0 | D47: 31 | E47: =IF('DATOS Y RESPUESTAS'!E19="v",1,0) -> 0 | F47: =IF('DATOS Y RESPUESTAS'!E19="f",1,0) -> 1 | H47: 56 | I47: =IF('DATOS Y RESPUESTAS'!G19="v",1,0) -> 0 | J47: =IF('DATOS Y RESPUESTAS'!G19="f",1,0) -> 1 | K47: 81 | L47: =IF('DATOS Y RESPUESTAS'!I19="v",1,0) -> 1 | M47: =IF('DATOS Y RESPUESTAS'!I19="f",1,0) -> 0 | N47: 106 | O47: =IF('DATOS Y RESPUESTAS'!K19="v",1,0) -> 0 | P47: =IF('DATOS Y RESPUESTAS'!K19="f",1,0) -> 1 | Q47: 131 | R47: =IF('DATOS Y RESPUESTAS'!M19="v",1,0) -> 0 | S47: =IF('DATOS Y RESPUESTAS'!M19="f",1,0) -> 1 | V47: 156 | X47: =IF('DATOS Y RESPUESTAS'!O19="v",1,0) -> 0 | Y47: =IF('DATOS Y RESPUESTAS'!O19="f",1,0) -> 1 | BV47: 32 | BW47: 67 | BX47: 72 | BY47: 81 | BZ47: 15 | CA47: 35 | CB47: 47 | CC47: 54 | CD47: 108 | CE47: 22 | CF47: 67 | CG47: 65 | CH47: 107 | CI47: 101 | CJ47: 69 | CK47: 115 | CL47: 57 | CM47: 112 | CN47: 75 | CO47: 110 | CP47: 115 | CQ47: 100 | CR47: 86 | CS47: 77 | CT47: 110 | CU47: 54 | CV47: 82 | CW47: 97 | CX47: 100 | CY47: 100 | CZ47: 64 | DA47: 67 | DB47: 78 | DC47: 13 | DD47: 35 | DE47: 48 | DF47: 50 | DG47: 113 | DH47: 26 | DI47: 65 | DJ47: 61 | DK47: 102 | DL47: 106 | DM47: 65 | DN47: 115 | DO47: 72 | DP47: 115 | DQ47: 74 | DR47: 105 | DS47: 115 | DT47: 111 | DU47: 81 | DV47: 73 | DW47: 113 | DX47: 58 | DY47: 75 | DZ47: 100 | EA47: 100 | EB47: 100 | EC47: 58 | ED47: 51 | EE47: 73 | EF47: 7 | EG47: 52 | EH47: 70 | EI47: 67 | EJ47: 109 | EK47: 23 | EL47: 60 | EM47: 51 | EN47: 85 | EO47: 97 | EP47: 50 | EQ47: 115 | ER47: 46 | ES47: 115 | ET47: 96 | EU47: 102 | EV47: 112 | EW47: 78 | EX47: 87 | EY47: 103 | EZ47: 114 | FA47: 32 | FB47: 61 | FC47: 75 | FD47: 100 | FE47: 100 | FF47: 55 | FG47: 50 | FH47: 64 | FI47: 6 | FJ47: 52 | FK47: 72 | FL47: 63 | FM47: 111 | FN47: 27 | FO47: 60 | FP47: 46 | FQ47: 85 | FR47: 85 | FS47: 45 | FT47: 115 | FU47: 54 | FV47: 115 | FW47: 100 | FX47: 98 | FY47: 114 | FZ47: 71 | GA47: 85 | GB47: 107 | GC47: 114 | GD47: 37 | GE47: 52 | GF47: 73 | GG47: 100 | GH47: 100 | GJ47: 34 | GK47: 2 | GL47: 25 | GT47: -89 | GU47: -7
A48: 7 | B48: =IF('DATOS Y RESPUESTAS'!C20="v",1,0) -> 0 | C48: =IF('DATOS Y RESPUESTAS'!C20="f",1,0) -> 1 | D48: 32 | E48: =IF('DATOS Y RESPUESTAS'!E20="v",1,0) -> 0 | F48: =IF('DATOS Y RESPUESTAS'!E20="f",1,0) -> 1 | H48: 57 | I48: =IF('DATOS Y RESPUESTAS'!G20="v",1,0) -> 0 | J48: =IF('DATOS Y RESPUESTAS'!G20="f",1,0) -> 1 | K48: 82 | L48: =IF('DATOS Y RESPUESTAS'!I20="v",1,0) -> 0 | M48: =IF('DATOS Y RESPUESTAS'!I20="f",1,0) -> 1 | N48: 107 | O48: =IF('DATOS Y RESPUESTAS'!K20="v",1,0) -> 0 | P48: =IF('DATOS Y RESPUESTAS'!K20="f",1,0) -> 1 | Q48: 132 | R48: =IF('DATOS Y RESPUESTAS'!M20="v",1,0) -> 0 | S48: =IF('DATOS Y RESPUESTAS'!M20="f",1,0) -> 1 | V48: 157 | X48: =IF('DATOS Y RESPUESTAS'!O20="v",1,0) -> 0 | Y48: =IF('DATOS Y RESPUESTAS'!O20="f",1,0) -> 1 | BV48: 33 | BW48: 69 | BX48: 74 | BY48: 83 | BZ48: 17 | CA48: 40 | CB48: 50 | CC48: 57 | CD48: 110 | CE48: 23 | CF48: 69 | CG48: 66 | CH48: 109 | CI48: 105 | CJ48: 70 | CK48: 115 | CL48: 60 | CM48: 113 | CN48: 77 | CO48: 112 | CP48: 115 | CQ48: 105 | CR48: 95 | CS48: 80 | CT48: 113 | CU48: 58 | CV48: 83 | CW48: 100 | CX48: 100 | CY48: 100 | CZ48: 65 | DA48: 68 | DB48: 80 | DC48: 16 | DD48: 37 | DE48: 50 | DF48: 52 | DG48: 113 | DH48: 29 | DI48: 67 | DJ48: 62 | DK48: 105 | DL48: 108 | DM48: 67 | DN48: 115 | DO48: 75 | DP48: 115 | DQ48: 75 | DR48: 113 | DS48: 115 | DT48: 111 | DU48: 81 | DV48: 75 | DW48: 115 | DX48: 60 | DY48: 77 | DZ48: 104 | EA48: 100 | EB48: 100 | EC48: 60 | ED48: 52 | EE48: 75 | EF48: 8 | EG48: 54 | EH48: 72 | EI48: 68 | EJ48: 110 | EK48: 25 | EL48: 62 | EM48: 52 | EN48: 91 | EO48: 100 | EP48: 51 | EQ48: 115 | ER48: 48 | ES48: 115 | ET48: 100 | EU48: 105 | EV48: 112 | EW48: 81 | EX48: 90 | EY48: 105 | EZ48: 114 | FA48: 40 | FB48: 62 | FC48: 79 | FD48: 100 | FE48: 100 | FF48: 57 | FG48: 52 | FH48: 67 | FI48: 6 | FJ48: 55 | FK48: 74 | FL48: 66 | FM48: 111 | FN48: 29 | FO48: 63 | FP48: 47 | FQ48: 91 | FR48: 89 | FS48: 46 | FT48: 115 | FU48: 58 | FV48: 115 | FW48: 104 | FX48: 105 | FY48: 115 | FZ48: 73 | GA48: 87 | GB48: 107 | GC48: 114 | GD48: 40 | GE48: 55 | GF48: 75 | GG48: 100 | GH48: 100 | GJ48: 35 | GK48: 2 | GL48: 25 | GT48: -88 | GU48: -7
A49: 8 | B49: =IF('DATOS Y RESPUESTAS'!C21="v",1,0) -> 0 | C49: =IF('DATOS Y RESPUESTAS'!C21="f",1,0) -> 1 | D49: 33 | E49: =IF('DATOS Y RESPUESTAS'!E21="v",1,0) -> 0 | F49: =IF('DATOS Y RESPUESTAS'!E21="f",1,0) -> 1 | H49: 58 | I49: =IF('DATOS Y RESPUESTAS'!G21="v",1,0) -> 0 | J49: =IF('DATOS Y RESPUESTAS'!G21="f",1,0) -> 1 | K49: 83 | L49: =IF('DATOS Y RESPUESTAS'!I21="v",1,0) -> 0 | M49: =IF('DATOS Y RESPUESTAS'!I21="f",1,0) -> 1 | N49: 108 | O49: =IF('DATOS Y RESPUESTAS'!K21="v",1,0) -> 1 | P49: =IF('DATOS Y RESPUESTAS'!K21="f",1,0) -> 0 | Q49: 133 | R49: =IF('DATOS Y RESPUESTAS'!M21="v",1,0) -> 0 | S49: =IF('DATOS Y RESPUESTAS'!M21="f",1,0) -> 1 | V49: 158 | X49: =IF('DATOS Y RESPUESTAS'!O21="v",1,0) -> 0 | Y49: =IF('DATOS Y RESPUESTAS'!O21="f",1,0) -> 1 | BV49: 34 | BW49: 72 | BX49: 75 | BY49: 84 | BZ49: 20 | CA49: 41 | CB49: 55 | CC49: 60 | CD49: 113 | CE49: 25 | CF49: 72 | CG49: 67 | CH49: 114 | CI49: 108 | CJ49: 71 | CK49: 115 | CL49: 62 | CM49: 115 | CN49: 81 | CO49: 114 | CP49: 115 | CQ49: 107 | CR49: 95 | CS49: 81 | CT49: 115 | CU49: 61 | CV49: 85 | CW49: 107 | CX49: 100 | CY49: 100 | CZ49: 68 | DA49: 70 | DB49: 85 | DC49: 20 | DD49: 40 | DE49: 55 | DF49: 59 | DG49: 113 | DH49: 31 | DI49: 68 | DJ49: 64 | DK49: 109 | DL49: 108 | DM49: 69 | DN49: 115 | DO49: 83 | DP49: 115 | DQ49: 79 | DR49: 113 | DS49: 115 | DT49: 111 | DU49: 82 | DV49: 77 | DW49: 115 | DX49: 63 | DY49: 77 | DZ49: 108 | EA49: 100 | EB49: 100 | EC49: 61 | ED49: 54 | EE49: 78 | EF49: 9 | EG49: 57 | EH49: 73 | EI49: 70 | EJ49: 111 | EK49: 27 | EL49: 65 | EM49: 54 | EN49: 98 | EO49: 103 | EP49: 52 | EQ49: 115 | ER49: 50 | ES49: 115 | ET49: 101 | EU49: 110 | EV49: 114 | EW49: 85 | EX49: 93 | EY49: 106 | EZ49: 114 | FA49: 42 | FB49: 64 | FC49: 85 | FD49: 100 | FE49: 100 | FF49: 58 | FG49: 53 | FH49: 70 | FI49: 7 | FJ49: 57 | FK49: 75 | FL49: 68 | FM49: 111 | FN49: 30 | FO49: 64 | FP49: 48 | FQ49: 95 | FR49: 98 | FS49: 47 | FT49: 115 | FU49: 62 | FV49: 115 | FW49: 107 | FX49: 108 | FY49: 115 | FZ49: 75 | GA49: 90 | GB49: 108 | GC49: 115 | GD49: 42 | GE49: 57 | GF49: 81 | GG49: 100 | GH49: 100 | GJ49: 36 | GK49: 2 | GL49: 25 | GT49: -87 | GU49: -7
A50: 9 | B50: =IF('DATOS Y RESPUESTAS'!C22="v",1,0) -> 1 | C50: =IF('DATOS Y RESPUESTAS'!C22="f",1,0) -> 0 | D50: 34 | E50: =IF('DATOS Y RESPUESTAS'!E22="v",1,0) -> 0 | F50: =IF('DATOS Y RESPUESTAS'!E22="f",1,0) -> 1 | H50: 59 | I50: =IF('DATOS Y RESPUESTAS'!G22="v",1,0) -> 0 | J50: =IF('DATOS Y RESPUESTAS'!G22="f",1,0) -> 1 | K50: 84 | L50: =IF('DATOS Y RESPUESTAS'!I22="v",1,0) -> 0 | M50: =IF('DATOS Y RESPUESTAS'!I22="f",1,0) -> 1 | N50: 109 | O50: =IF('DATOS Y RESPUESTAS'!K22="v",1,0) -> 1 | P50: =IF('DATOS Y RESPUESTAS'!K22="f",1,0) -> 0 | Q50: 134 | R50: =IF('DATOS Y RESPUESTAS'!M22="v",1,0) -> 0 | S50: =IF('DATOS Y RESPUESTAS'!M22="f",1,0) -> 1 | V50: 159 | X50: =IF('DATOS Y RESPUESTAS'!O22="v",1,0) -> 1 | Y50: =IF('DATOS Y RESPUESTAS'!O22="f",1,0) -> 0 | BV50: 35 | BW50: 74 | BX50: 77 | BY50: 85 | BZ50: 21 | CA50: 44 | CB50: 59 | CC50: 63 | CD50: 114 | CE50: 29 | CF50: 74 | CG50: 69 | CH50: 115 | CI50: 109 | CJ50: 73 | CK50: 115 | CL50: 66 | CM50: 115 | CN50: 83 | CO50: 114 | CP50: 115 | CQ50: 110 | CR50: 95 | CS50: 83 | CT50: 115 | CU50: 65 | CV50: 89 | CW50: 110 | CX50: 100 | CY50: 100 | CZ50: 70 | DA50: 73 | DB50: 88 | DC50: 21 | DD50: 42 | DE50: 57 | DF50: 60 | DG50: 113 | DH50: 33 | DI50: 69 | DJ50: 65 | DK50: 112 | DL50: 110 | DM50: 70 | DN50: 115 | DO50: 85 | DP50: 115 | DQ50: 81 | DR50: 115 | DS50: 115 | DT50: 111 | DU50: 85 | DV50: 80 | DW50: 115 | DX50: 66 | DY50: 81 | DZ50: 112 | EA50: 100 | EB50: 100 | EC50: 64 | ED50: 55 | EE50: 79 | EF50: 12 | EG50: 61 | EH50: 75 | EI50: 71 | EJ50: 111 | EK50: 29 | EL50: 67 | EM50: 55 | EN50: 107 | EO50: 108 | EP50: 54 | EQ50: 115 | ER50: 54 | ES50: 115 | ET50: 102 | EU50: 112 | EV50: 115 | EW50: 94 | EX50: 97 | EY50: 107 | EZ50: 115 | FA50: 47 | FB50: 66 | FC50: 94 | FD50: 100 | FE50: 100 | FF50: 60 | FG50: 55 | FH50: 71 | FI50: 10 | FJ50: 60 | FK50: 78 | FL50: 71 | FM50: 111 | FN50: 32 | FO50: 67 | FP50: 49 | FQ50: 101 | FR50: 101 | FS50: 48 | FT50: 115 | FU50: 66 | FV50: 115 | FW50: 109 | FX50: 110 | FY50: 115 | FZ50: 84 | GA50: 92 | GB50: 108 | GC50: 115 | GD50: 43 | GE50: 59 | GF50: 85 | GG50: 100 | GH50: 100 | GJ50: 37 | GK50: 2 | GL50: 25 | GT50: -86 | GU50: -7
A51: 10 | B51: =IF('DATOS Y RESPUESTAS'!C23="v",1,0) -> 1 | C51: =IF('DATOS Y RESPUESTAS'!C23="f",1,0) -> 0 | D51: 35 | E51: =IF('DATOS Y RESPUESTAS'!E23="v",1,0) -> 0 | F51: =IF('DATOS Y RESPUESTAS'!E23="f",1,0) -> 1 | H51: 60 | I51: =IF('DATOS Y RESPUESTAS'!G23="v",1,0) -> 0 | J51: =IF('DATOS Y RESPUESTAS'!G23="f",1,0) -> 1 | K51: 85 | L51: =IF('DATOS Y RESPUESTAS'!I23="v",1,0) -> 0 | M51: =IF('DATOS Y RESPUESTAS'!I23="f",1,0) -> 1 | N51: 110 | O51: =IF('DATOS Y RESPUESTAS'!K23="v",1,0) -> 1 | P51: =IF('DATOS Y RESPUESTAS'!K23="f",1,0) -> 0 | Q51: 135 | R51: =IF('DATOS Y RESPUESTAS'!M23="v",1,0) -> 0 | S51: =IF('DATOS Y RESPUESTAS'!M23="f",1,0) -> 1 | V51: 160 | X51: =IF('DATOS Y RESPUESTAS'!O23="v",1,0) -> 0 | Y51: =IF('DATOS Y RESPUESTAS'!O23="f",1,0) -> 1 | BV51: 36 | BW51: 75 | BX51: 79 | BY51: 87 | BZ51: 23 | CA51: 46 | CB51: 64 | CC51: 66 | CD51: 114 | CE51: 34 | CF51: 75 | CG51: 70 | CH51: 115 | CI51: 111 | CJ51: 74 | CK51: 115 | CL51: 70 | CM51: 115 | CN51: 85 | CO51: 114 | CP51: 115 | CQ51: 113 | CR51: 97 | CS51: 85 | CT51: 115 | CU51: 70 | CV51: 93 | CW51: 113 | CX51: 100 | CY51: 100 | CZ51: 72 | DA51: 75 | DB51: 91 | DC51: 22 | DD51: 44 | DE51: 59 | DF51: 62 | DG51: 113 | DH51: 35 | DI51: 72 | DJ51: 66 | DK51: 112 | DL51: 113 | DM51: 71 | DN51: 115 | DO51: 92 | DP51: 115 | DQ51: 85 | DR51: 115 | DS51: 115 | DT51: 111 | DU51: 88 | DV51: 85 | DW51: 115 | DX51: 68 | DY51: 85 | DZ51: 112 | EA51: 100 | EB51: 100 | EC51: 66 | ED51: 57 | EE51: 80 | EF51: 13 | EG51: 63 | EH51: 79 | EI51: 73 | EJ51: 113 | EK51: 32 | EL51: 70 | EM51: 56 | EN51: 109 | EO51: 110 | EP51: 56 | EQ51: 115 | ER51: 58 | ES51: 115 | ET51: 103 | EU51: 113 | EV51: 115 | EW51: 95 | EX51: 100 | EY51: 108 | EZ51: 115 | FA51: 50 | FB51: 68 | FC51: 96 | FD51: 100 | FE51: 100 | FF51: 62 | FG51: 57 | FH51: 73 | FI51: 13 | FJ51: 62 | FK51: 81 | FL51: 73 | FM51: 113 | FN51: 36 | FO51: 68 | FP51: 50 | FQ51: 104 | FR51: 105 | FS51: 50 | FT51: 115 | FU51: 70 | FV51: 115 | FW51: 109 | FX51: 110 | FY51: 115 | FZ51: 85 | GA51: 96 | GB51: 109 | GC51: 115 | GD51: 45 | GE51: 61 | GF51: 97 | GG51: 100 | GH51: 100 | GJ51: 38 | GK51: 2 | GL51: 25 | GT51: -85 | GU51: -7
A52: 11 | B52: =IF('DATOS Y RESPUESTAS'!C24="v",1,0) -> 1 | C52: =IF('DATOS Y RESPUESTAS'!C24="f",1,0) -> 0 | D52: 36 | E52: =IF('DATOS Y RESPUESTAS'!E24="v",1,0) -> 1 | F52: =IF('DATOS Y RESPUESTAS'!E24="f",1,0) -> 0 | H52: 61 | I52: =IF('DATOS Y RESPUESTAS'!G24="v",1,0) -> 0 | J52: =IF('DATOS Y RESPUESTAS'!G24="f",1,0) -> 1 | K52: 86 | L52: =IF('DATOS Y RESPUESTAS'!I24="v",1,0) -> 0 | M52: =IF('DATOS Y RESPUESTAS'!I24="f",1,0) -> 1 | N52: 111 | O52: =IF('DATOS Y RESPUESTAS'!K24="v",1,0) -> 0 | P52: =IF('DATOS Y RESPUESTAS'!K24="f",1,0) -> 1 | Q52: 136 | R52: =IF('DATOS Y RESPUESTAS'!M24="v",1,0) -> 0 | S52: =IF('DATOS Y RESPUESTAS'!M24="f",1,0) -> 1 | BV52: 37 | BW52: 76 | BX52: 81 | BY52: 90 | BZ52: 25 | CA52: 48 | CB52: 67 | CC52: 69 | CD52: 114 | CE52: 35 | CF52: 79 | CG52: 71 | CH52: 115 | CI52: 114 | CJ52: 75 | CK52: 115 | CL52: 73 | CM52: 115 | CN52: 90 | CO52: 114 | CP52: 115 | CQ52: 113 | CR52: 100 | CS52: 89 | CT52: 115 | CU52: 72 | CV52: 97 | CW52: 113 | CX52: 100 | CY52: 100 | CZ52: 73 | DA52: 79 | DB52: 91 | DC52: 26 | DD52: 47 | DE52: 64 | DF52: 65 | DG52: 115 | DH52: 40 | DI52: 73 | DJ52: 69 | DK52: 112 | DL52: 113 | DM52: 72 | DN52: 115 | DO52: 97 | DP52: 115 | DQ52: 96 | DR52: 115 | DS52: 115 | DT52: 111 | DU52: 88 | DV52: 88 | DW52: 115 | DX52: 71 | DY52: 86 | DZ52: 112 | EA52: 100 | EB52: 100 | EC52: 68 | ED52: 59 | EE52: 81 | EF52: 15 | EG52: 66 | EH52: 82 | EI52: 74 | EJ52: 113 | EK52: 35 | EL52: 72 | EM52: 57 | EN52: 111 | EO52: 111 | EP52: 57 | EQ52: 115 | ER52: 62 | ES52: 115 | ET52: 107 | EU52: 113 | EV52: 115 | EW52: 97 | EX52: 101 | EY52: 110 | EZ52: 115 | FA52: 54 | FB52: 70 | FC52: 103 | FD52: 100 | FE52: 100 | FF52: 65 | FG52: 59 | FH52: 75 | FI52: 15 | FJ52: 64 | FK52: 85 | FL52: 75 | FM52: 113 | FN52: 40 | FO52: 69 | FP52: 51 | FQ52: 108 | FR52: 107 | FS52: 51 | FT52: 115 | FU52: 73 | FV52: 115 | FW52: 111 | FX52: 112 | FY52: 115 | FZ52: 92 | GA52: 98 | GB52: 110 | GC52: 115 | GD52: 75 | GE52: 64 | GF52: 102 | GG52: 100 | GH52: 100 | GJ52: 39 | GK52: 2 | GL52: 25 | GT52: -84 | GU52: -7
A53: 12 | B53: =IF('DATOS Y RESPUESTAS'!C25="v",1,0) -> 0 | C53: =IF('DATOS Y RESPUESTAS'!C25="f",1,0) -> 1 | D53: 37 | E53: =IF('DATOS Y RESPUESTAS'!E25="v",1,0) -> 1 | F53: =IF('DATOS Y RESPUESTAS'!E25="f",1,0) -> 0 | H53: 62 | I53: =IF('DATOS Y RESPUESTAS'!G25="v",1,0) -> 1 | J53: =IF('DATOS Y RESPUESTAS'!G25="f",1,0) -> 0 | K53: 87 | L53: =IF('DATOS Y RESPUESTAS'!I25="v",1,0) -> 0 | M53: =IF('DATOS Y RESPUESTAS'!I25="f",1,0) -> 1 | N53: 112 | O53: =IF('DATOS Y RESPUESTAS'!K25="v",1,0) -> 0 | P53: =IF('DATOS Y RESPUESTAS'!K25="f",1,0) -> 1 | Q53: 137 | R53: =IF('DATOS Y RESPUESTAS'!M25="v",1,0) -> 1 | S53: =IF('DATOS Y RESPUESTAS'!M25="f",1,0) -> 0 | BV53: 38 | BW53: 79 | BX53: 82 | BY53: 95 | BZ53: 26 | CA53: 50 | CB53: 70 | CC53: 70 | CD53: 114 | CE53: 38 | CF53: 83 | CG53: 73 | CH53: 115 | CI53: 115 | CJ53: 78 | CK53: 115 | CL53: 75 | CM53: 115 | CN53: 93 | CO53: 114 | CP53: 115 | CQ53: 115 | CR53: 103 | CS53: 93 | CT53: 115 | CU53: 75 | CV53: 98 | CW53: 115 | CX53: 100 | CY53: 100 | CZ53: 74 | DA53: 79 | DB53: 94 | DC53: 32 | DD53: 50 | DE53: 65 | DF53: 66 | DG53: 115 | DH53: 43 | DI53: 75 | DJ53: 70 | DK53: 112 | DL53: 113 | DM53: 73 | DN53: 115 | DO53: 97 | DP53: 115 | DQ53: 99 | DR53: 115 | DS53: 115 | DT53: 111 | DU53: 91 | DV53: 91 | DW53: 115 | DX53: 75 | DY53: 87 | DZ53: 112 | EA53: 100 | EB53: 100 | EC53: 72 | ED53: 60 | EE53: 83 | EF53: 16 | EG53: 68 | EH53: 83 | EI53: 75 | EJ53: 113 | EK53: 37 | EL53: 74 | EM53: 58 | EN53: 112 | EO53: 115 | EP53: 58 | EQ53: 115 | ER53: 67 | ES53: 115 | ET53: 108 | EU53: 114 | EV53: 115 | EW53: 105 | EX53: 102 | EY53: 110 | EZ53: 115 | FA53: 58 | FB53: 71 | FC53: 110 | FD53: 100 | FE53: 100 | FF53: 67 | FG53: 61 | FH53: 77 | FI53: 17 | FJ53: 66 | FK53: 86 | FL53: 76 | FM53: 115 | FN53: 42 | FO53: 71 | FP53: 53 | FQ53: 110 | FR53: 114 | FS53: 52 | FT53: 115 | FU53: 75 | FV53: 115 | FW53: 111 | FX53: 114 | FY53: 115 | FZ53: 101 | GA53: 102 | GB53: 112 | GC53: 115 | GD53: 50 | GE53: 66 | GF53: 109 | GG53: 100 | GH53: 100 | GJ53: 40 | GK53: 2 | GL53: 25 | GT53: -83 | GU53: -7
A54: 13 | B54: =IF('DATOS Y RESPUESTAS'!C26="v",1,0) -> 0 | C54: =IF('DATOS Y RESPUESTAS'!C26="f",1,0) -> 1 | D54: 38 | E54: =IF('DATOS Y RESPUESTAS'!E26="v",1,0) -> 1 | F54: =IF('DATOS Y RESPUESTAS'!E26="f",1,0) -> 0 | H54: 63 | I54: =IF('DATOS Y RESPUESTAS'!G26="v",1,0) -> 1 | J54: =IF('DATOS Y RESPUESTAS'!G26="f",1,0) -> 0 | K54: 88 | L54: =IF('DATOS Y RESPUESTAS'!I26="v",1,0) -> 0 | M54: =IF('DATOS Y RESPUESTAS'!I26="f",1,0) -> 1 | N54: 113 | O54: =IF('DATOS Y RESPUESTAS'!K26="v",1,0) -> 0 | P54: =IF('DATOS Y RESPUESTAS'!K26="f",1,0) -> 1 | Q54: 138 | R54: =IF('DATOS Y RESPUESTAS'!M26="v",1,0) -> 0 | S54: =IF('DATOS Y RESPUESTAS'!M26="f",1,0) -> 1 | BV54: 39 | BW54: 82 | BX54: 83 | BY54: 100 | BZ54: 28 | CA54: 53 | CB54: 73 | CC54: 72 | CD54: 114 | CE54: 40 | CF54: 85 | CG54: 74 | CH54: 115 | CI54: 115 | CJ54: 79 | CK54: 115 | CL54: 82 | CM54: 115 | CN54: 96 | CO54: 114 | CP54: 115 | CQ54: 115 | CR54: 104 | CS54: 95 | CT54: 115 | CU54: 79 | CV54: 100 | CW54: 115 | CX54: 100 | CY54: 100 | CZ54: 75 | DA54: 81 | DB54: 94 | DC54: 33 | DD54: 53 | DE54: 68 | DF54: 68 | DG54: 115 | DH54: 45 | DI54: 82 | DJ54: 70 | DK54: 115 | DL54: 115 | DM54: 74 | DN54: 115 | DO54: 100 | DP54: 115 | DQ54: 104 | DR54: 115 | DS54: 115 | DT54: 111 | DU54: 95 | DV54: 95 | DW54: 115 | DX54: 77 | DY54: 92 | DZ54: 115 | EA54: 100 | EB54: 100 | EC54: 73 | ED54: 62 | EE54: 85 | EF54: 20 | EG54: 70 | EH54: 85 | EI54: 76 | EJ54: 113 | EK54: 40 | EL54: 75 | EM54: 59 | EN54: 113 | EO54: 115 | EP54: 60 | EQ54: 115 | ER54: 71 | ES54: 115 | ET54: 109 | EU54: 114 | EV54: 115 | EW54: 106 | EX54: 105 | EY54: 110 | EZ54: 115 | FA54: 61 | FB54: 73 | FC54: 113 | FD54: 100 | FE54: 100 | FF54: 68 | FG54: 63 | FH54: 80 | FI54: 20 | FJ54: 68 | FK54: 91 | FL54: 78 | FM54: 115 | FN54: 45 | FO54: 72 | FP54: 54 | FQ54: 112 | FR54: 114 | FS54: 53 | FT54: 115 | FU54: 79 | FV54: 115 | FW54: 111 | FX54: 115 | FY54: 115 | FZ54: 103 | GA54: 103 | GB54: 112 | GC54: 115 | GD54: 53 | GE54: 68 | GF54: 114 | GG54: 100 | GH54: 100 | GJ54: 41 | GK54: 2 | GL54: 25 | GT54: -82 | GU54: -7
A55: 14 | B55: =IF('DATOS Y RESPUESTAS'!C27="v",1,0) -> 1 | C55: =IF('DATOS Y RESPUESTAS'!C27="f",1,0) -> 0 | D55: 39 | E55: =IF('DATOS Y RESPUESTAS'!E27="v",1,0) -> 0 | F55: =IF('DATOS Y RESPUESTAS'!E27="f",1,0) -> 1 | H55: 64 | I55: =IF('DATOS Y RESPUESTAS'!G27="v",1,0) -> 0 | J55: =IF('DATOS Y RESPUESTAS'!G27="f",1,0) -> 1 | K55: 89 | L55: =IF('DATOS Y RESPUESTAS'!I27="v",1,0) -> 0 | M55: =IF('DATOS Y RESPUESTAS'!I27="f",1,0) -> 1 | N55: 114 | O55: =IF('DATOS Y RESPUESTAS'!K27="v",1,0) -> 0 | P55: =IF('DATOS Y RESPUESTAS'!K27="f",1,0) -> 1 | Q55: 139 | R55: =IF('DATOS Y RESPUESTAS'!M27="v",1,0) -> 0 | S55: =IF('DATOS Y RESPUESTAS'!M27="f",1,0) -> 1 | BV55: 40 | BW55: 83 | BX55: 85 | BY55: 103 | BZ55: 31 | CA55: 56 | CB55: 75 | CC55: 73 | CD55: 115 | CE55: 42 | CF55: 87 | CG55: 75 | CH55: 115 | CI55: 115 | CJ55: 81 | CK55: 115 | CL55: 85 | CM55: 115 | CN55: 99 | CO55: 115 | CP55: 115 | CQ55: 115 | CR55: 104 | CS55: 97 | CT55: 115 | CU55: 83 | CV55: 101 | CW55: 115 | CX55: 100 | CY55: 100 | CZ55: 76 | DA55: 81 | DB55: 97 | DC55: 35 | DD55: 56 | DE55: 71 | DF55: 71 | DG55: 115 | DH55: 45 | DI55: 85 | DJ55: 71 | DK55: 115 | DL55: 115 | DM55: 74 | DN55: 115 | DO55: 105 | DP55: 115 | DQ55: 110 | DR55: 115 | DS55: 115 | DT55: 111 | DU55: 98 | DV55: 108 | DW55: 115 | DX55: 79 | DY55: 92 | DZ55: 115 | EA55: 100 | EB55: 100 | EC55: 74 | ED55: 64 | EE55: 90 | EF55: 21 | EG55: 72 | EH55: 92 | EI55: 79 | EJ55: 114 | EK55: 42 | EL55: 78 | EM55: 61 | EN55: 115 | EO55: 115 | EP55: 62 | EQ55: 115 | ER55: 73 | ES55: 115 | ET55: 111 | EU55: 114 | EV55: 115 | EW55: 107 | EX55: 107 | EY55: 111 | EZ55: 115 | FA55: 64 | FB55: 75 | FC55: 114 | FD55: 100 | FE55: 100 | FF55: 70 | FG55: 64 | FH55: 85 | FI55: 23 | FJ55: 70 | FK55: 97 | FL55: 80 | FM55: 115 | FN55: 48 | FO55: 73 | FP55: 56 | FQ55: 115 | FR55: 114 | FS55: 55 | FT55: 115 | FU55: 83 | FV55: 115 | FW55: 111 | FX55: 115 | FY55: 115 | FZ55: 103 | GA55: 103 | GB55: 113 | GC55: 115 | GD55: 57 | GE55: 69 | GF55: 114 | GG55: 100 | GH55: 100 | GJ55: 42 | GK55: 2 | GL55: 25 | GT55: -81 | GU55: -7
A56: 15 | B56: =IF('DATOS Y RESPUESTAS'!C28="v",1,0) -> 0 | C56: =IF('DATOS Y RESPUESTAS'!C28="f",1,0) -> 1 | D56: 40 | E56: =IF('DATOS Y RESPUESTAS'!E28="v",1,0) -> 0 | F56: =IF('DATOS Y RESPUESTAS'!E28="f",1,0) -> 1 | H56: 65 | I56: =IF('DATOS Y RESPUESTAS'!G28="v",1,0) -> 0 | J56: =IF('DATOS Y RESPUESTAS'!G28="f",1,0) -> 1 | K56: 90 | L56: =IF('DATOS Y RESPUESTAS'!I28="v",1,0) -> 0 | M56: =IF('DATOS Y RESPUESTAS'!I28="f",1,0) -> 1 | N56: 115 | O56: =IF('DATOS Y RESPUESTAS'!K28="v",1,0) -> 0 | P56: =IF('DATOS Y RESPUESTAS'!K28="f",1,0) -> 1 | Q56: 140 | R56: =IF('DATOS Y RESPUESTAS'!M28="v",1,0) -> 0 | S56: =IF('DATOS Y RESPUESTAS'!M28="f",1,0) -> 1 | BV56: 41 | BW56: 84 | BX56: 86 | BY56: 107 | BZ56: 34 | CA56: 58 | CB56: 80 | CC56: 74 | CD56: 115 | CE56: 43 | CF56: 90 | CG56: 77 | CH56: 115 | CI56: 115 | CJ56: 82 | CK56: 115 | CL56: 93 | CM56: 115 | CN56: 102 | CO56: 115 | CP56: 115 | CQ56: 115 | CR56: 105 | CS56: 99 | CT56: 115 | CU56: 85 | CV56: 102 | CW56: 115 | CX56: 100 | CY56: 100 | CZ56: 78 | DA56: 83 | DB56: 100 | DC56: 37 | DD56: 59 | DE56: 72 | DF56: 73 | DG56: 115 | DH56: 46 | DI56: 92 | DJ56: 72 | DK56: 115 | DL56: 115 | DM56: 74 | DN56: 115 | DO56: 108 | DP56: 115 | DQ56: 113 | DR56: 115 | DS56: 115 | DT56: 115 | DU56: 103 | DV56: 108 | DW56: 115 | DX56: 85 | DY56: 99 | DZ56: 115 | EA56: 100 | EB56: 100 | EC56: 75 | ED56: 67 | EE56: 97 | EF56: 23 | EG56: 74 | EH56: 96 | EI56: 82 | EJ56: 114 | EK56: 45 | EL56: 80 | EM56: 63 | EN56: 115 | EO56: 115 | EP56: 63 | EQ56: 115 | ER56: 75 | ES56: 115 | ET56: 111 | EU56: 114 | EV56: 115 | EW56: 113 | EX56: 110 | EY56: 112 | EZ56: 115 | FA56: 68 | FB56: 78 | FC56: 115 | FD56: 100 | FE56: 100 | FF56: 72 | FG56: 65 | FH56: 94 | FI56: 24 | FJ56: 72 | FK56: 99 | FL56: 82 | FM56: 115 | FN56: 49 | FO56: 75 | FP56: 57 | FQ56: 115 | FR56: 115 | FS56: 57 | FT56: 115 | FU56: 85 | FV56: 115 | FW56: 114 | FX56: 115 | FY56: 115 | FZ56: 110 | GA56: 108 | GB56: 115 | GC56: 115 | GD56: 62 | GE56: 71 | GF56: 115 | GG56: 100 | GH56: 100 | GJ56: 43 | GK56: 2 | GL56: 25 | GT56: -80 | GU56: -7
A57: 16 | B57: =IF('DATOS Y RESPUESTAS'!C29="v",1,0) -> 0 | C57: =IF('DATOS Y RESPUESTAS'!C29="f",1,0) -> 1 | D57: 41 | E57: =IF('DATOS Y RESPUESTAS'!E29="v",1,0) -> 1 | F57: =IF('DATOS Y RESPUESTAS'!E29="f",1,0) -> 0 | H57: 66 | I57: =IF('DATOS Y RESPUESTAS'!G29="v",1,0) -> 0 | J57: =IF('DATOS Y RESPUESTAS'!G29="f",1,0) -> 1 | K57: 91 | L57: =IF('DATOS Y RESPUESTAS'!I29="v",1,0) -> 0 | M57: =IF('DATOS Y RESPUESTAS'!I29="f",1,0) -> 1 | N57: 116 | O57: =IF('DATOS Y RESPUESTAS'!K29="v",1,0) -> 0 | P57: =IF('DATOS Y RESPUESTAS'!K29="f",1,0) -> 1 | Q57: 141 | R57: =IF('DATOS Y RESPUESTAS'!M29="v",1,0) -> 0 | S57: =IF('DATOS Y RESPUESTAS'!M29="f",1,0) -> 1 | BV57: 42 | BW57: 85 | BX57: 88 | BY57: 109 | BZ57: 37 | CA57: 61 | CB57: 83 | CC57: 75 | CD57: 115 | CE57: 45 | CF57: 92 | CG57: 77 | CH57: 115 | CI57: 115 | CJ57: 84 | CK57: 115 | CL57: 101 | CM57: 115 | CN57: 103 | CO57: 115 | CP57: 115 | CQ57: 115 | CR57: 106 | CS57: 101 | CT57: 115 | CU57: 99 | CV57: 104 | CW57: 115 | CX57: 100 | CY57: 100 | CZ57: 79 | DA57: 84 | DB57: 103 | DC57: 40 | DD57: 63 | DE57: 75 | DF57: 74 | DG57: 115 | DH57: 48 | DI57: 92 | DJ57: 72 | DK57: 115 | DL57: 115 | DM57: 75 | DN57: 115 | DO57: 110 | DP57: 115 | DQ57: 113 | DR57: 115 | DS57: 115 | DT57: 115 | DU57: 106 | DV57: 112 | DW57: 115 | DX57: 88 | DY57: 104 | DZ57: 115 | EA57: 100 | EB57: 100 | EC57: 78 | ED57: 69 | EE57: 103 | EF57: 25 | EG57: 75 | EH57: 103 | EI57: 84 | EJ57: 115 | EK57: 46 | EL57: 83 | EM57: 65 | EN57: 115 | EO57: 115 | EP57: 64 | EQ57: 115 | ER57: 80 | ES57: 115 | ET57: 113 | EU57: 115 | EV57: 115 | EW57: 114 | EX57: 110 | EY57: 112 | EZ57: 115 | FA57: 72 | FB57: 80 | FC57: 115 | FD57: 100 | FE57: 100 | FF57: 73 | FG57: 66 | FH57: 97 | FI57: 25 | FJ57: 74 | FK57: 102 | FL57: 84 | FM57: 115 | FN57: 50 | FO57: 79 | FP57: 58 | FQ57: 115 | FR57: 115 | FS57: 58 | FT57: 115 | FU57: 88 | FV57: 115 | FW57: 114 | FX57: 115 | FY57: 115 | FZ57: 112 | GA57: 109 | GB57: 115 | GC57: 115 | GD57: 65 | GE57: 72 | GF57: 115 | GG57: 100 | GH57: 100 | GJ57: 44 | GK57: 2 | GL57: 25 | GT57: -79 | GU57: -7
A58: 17 | B58: =IF('DATOS Y RESPUESTAS'!C30="v",1,0) -> 0 | C58: =IF('DATOS Y RESPUESTAS'!C30="f",1,0) -> 1 | D58: 42 | E58: =IF('DATOS Y RESPUESTAS'!E30="v",1,0) -> 0 | F58: =IF('DATOS Y RESPUESTAS'!E30="f",1,0) -> 1 | H58: 67 | I58: =IF('DATOS Y RESPUESTAS'!G30="v",1,0) -> 0 | J58: =IF('DATOS Y RESPUESTAS'!G30="f",1,0) -> 1 | K58: 92 | L58: =IF('DATOS Y RESPUESTAS'!I30="v",1,0) -> 0 | M58: =IF('DATOS Y RESPUESTAS'!I30="f",1,0) -> 1 | N58: 117 | O58: =IF('DATOS Y RESPUESTAS'!K30="v",1,0) -> 0 | P58: =IF('DATOS Y RESPUESTAS'!K30="f",1,0) -> 1 | Q58: 142 | R58: =IF('DATOS Y RESPUESTAS'!M30="v",1,0) -> 0 | S58: =IF('DATOS Y RESPUESTAS'!M30="f",1,0) -> 1 | BV58: 43 | BW58: 88 | BX58: 93 | BY58: 109 | BZ58: 40 | CA58: 64 | CB58: 85 | CC58: 78 | CD58: 115 | CE58: 46 | CF58: 94 | CG58: 78 | CH58: 115 | CI58: 115 | CJ58: 85 | CK58: 115 | CL58: 105 | CM58: 115 | CN58: 105 | CO58: 115 | CP58: 115 | CQ58: 115 | CR58: 107 | CS58: 105 | CT58: 115 | CU58: 103 | CV58: 104 | CW58: 115 | CX58: 100 | CY58: 100 | CZ58: 80 | DA58: 84 | DB58: 115 | DC58: 44 | DD58: 65 | DE58: 82 | DF58: 75 | DG58: 115 | DH58: 50 | DI58: 108 | DJ58: 73 | DK58: 115 | DL58: 115 | DM58: 76 | DN58: 115 | DO58: 113 | DP58: 115 | DQ58: 113 | DR58: 115 | DS58: 115 | DT58: 115 | DU58: 106 | DV58: 112 | DW58: 115 | DX58: 97 | DY58: 108 | DZ58: 115 | EA58: 100 | EB58: 100 | EC58: 82 | ED58: 71 | EE58: 106 | EF58: 27 | EG58: 77 | EH58: 104 | EI58: 85 | EJ58: 115 | EK58: 48 | EL58: 85 | EM58: 66 | EN58: 115 | EO58: 115 | EP58: 65 | EQ58: 115 | ER58: 83 | ES58: 115 | ET58: 113 | EU58: 115 | EV58: 115 | EW58: 114 | EX58: 110 | EY58: 114 | EZ58: 115 | FA58: 75 | FB58: 82 | FC58: 115 | FD58: 100 | FE58: 100 | FF58: 74 | FG58: 68 | FH58: 102 | FI58: 26 | FJ58: 75 | FK58: 103 | FL58: 85 | FM58: 115 | FN58: 53 | FO58: 82 | FP58: 59 | FQ58: 115 | FR58: 115 | FS58: 59 | FT58: 115 | FU58: 97 | FV58: 115 | FW58: 114 | FX58: 115 | FY58: 115 | FZ58: 112 | GA58: 109 | GB58: 115 | GC58: 115 | GD58: 68 | GE58: 74 | GF58: 115 | GG58: 100 | GH58: 100 | GJ58: 45 | GK58: 2 | GL58: 25 | GT58: -78 | GU58: -7
A59: 18 | B59: =IF('DATOS Y RESPUESTAS'!C31="v",1,0) -> 1 | C59: =IF('DATOS Y RESPUESTAS'!C31="f",1,0) -> 0 | D59: 43 | E59: =IF('DATOS Y RESPUESTAS'!E31="v",1,0) -> 0 | F59: =IF('DATOS Y RESPUESTAS'!E31="f",1,0) -> 1 | H59: 68 | I59: =IF('DATOS Y RESPUESTAS'!G31="v",1,0) -> 0 | J59: =IF('DATOS Y RESPUESTAS'!G31="f",1,0) -> 1 | K59: 93 | L59: =IF('DATOS Y RESPUESTAS'!I31="v",1,0) -> 1 | M59: =IF('DATOS Y RESPUESTAS'!I31="f",1,0) -> 0 | N59: 118 | O59: =IF('DATOS Y RESPUESTAS'!K31="v",1,0) -> 1 | P59: =IF('DATOS Y RESPUESTAS'!K31="f",1,0) -> 0 | Q59: 143 | R59: =IF('DATOS Y RESPUESTAS'!M31="v",1,0) -> 0 | S59: =IF('DATOS Y RESPUESTAS'!M31="f",1,0) -> 1 | BV59: 44 | BW59: 91 | BX59: 93 | BY59: 111 | BZ59: 42 | CA59: 67 | CB59: 89 | CC59: 81 | CD59: 115 | CE59: 49 | CF59: 97 | CG59: 80 | CH59: 115 | CI59: 115 | CJ59: 91 | CK59: 115 | CL59: 108 | CM59: 115 | CN59: 105 | CO59: 115 | CP59: 115 | CQ59: 115 | CR59: 108 | CS59: 107 | CT59: 115 | CU59: 106 | CV59: 106 | CW59: 115 | CX59: 100 | CY59: 100 | CZ59: 82 | DA59: 85 | DB59: 115 | DC59: 47 | DD59: 68 | DE59: 84 | DF59: 80 | DG59: 115 | DH59: 55 | DI59: 108 | DJ59: 73 | DK59: 115 | DL59: 115 | DM59: 80 | DN59: 115 | DO59: 113 | DP59: 115 | DQ59: 113 | DR59: 115 | DS59: 115 | DT59: 115 | DU59: 106 | DV59: 112 | DW59: 115 | DX59: 106 | DY59: 108 | DZ59: 115 | EA59: 100 | EB59: 100 | EC59: 83 | ED59: 72 | EE59: 111 | EF59: 28 | EG59: 81 | EH59: 106 | EI59: 88 | EJ59: 115 | EK59: 50 | EL59: 91 | EM59: 67 | EN59: 115 | EO59: 115 | EP59: 66 | EQ59: 115 | ER59: 85 | ES59: 115 | ET59: 113 | EU59: 115 | EV59: 115 | EW59: 115 | EX59: 110 | EY59: 114 | EZ59: 115 | FA59: 78 | FB59: 85 | FC59: 115 | FD59: 100 | FE59: 100 | FF59: 75 | FG59: 70 | FH59: 107 | FI59: 28 | FJ59: 77 | FK59: 104 | FL59: 88 | FM59: 115 | FN59: 57 | FO59: 85 | FP59: 60 | FQ59: 115 | FR59: 115 | FS59: 60 | FT59: 115 | FU59: 101 | FV59: 115 | FW59: 114 | FX59: 115 | FY59: 115 | FZ59: 115 | GA59: 110 | GB59: 115 | GC59: 115 | GD59: 72 | GE59: 75 | GF59: 115 | GG59: 100 | GH59: 100 | GJ59: 46 | GK59: 2 | GL59: 25 | GT59: -77 | GU59: -7
A60: 19 | B60: =IF('DATOS Y RESPUESTAS'!C32="v",1,0) -> 0 | C60: =IF('DATOS Y RESPUESTAS'!C32="f",1,0) -> 1 | D60: 44 | E60: =IF('DATOS Y RESPUESTAS'!E32="v",1,0) -> 1 | F60: =IF('DATOS Y RESPUESTAS'!E32="f",1,0) -> 0 | H60: 69 | I60: =IF('DATOS Y RESPUESTAS'!G32="v",1,0) -> 0 | J60: =IF('DATOS Y RESPUESTAS'!G32="f",1,0) -> 1 | K60: 94 | L60: =IF('DATOS Y RESPUESTAS'!I32="v",1,0) -> 0 | M60: =IF('DATOS Y RESPUESTAS'!I32="f",1,0) -> 1 | N60: 119 | O60: =IF('DATOS Y RESPUESTAS'!K32="v",1,0) -> 0 | P60: =IF('DATOS Y RESPUESTAS'!K32="f",1,0) -> 1 | Q60: 144 | R60: =IF('DATOS Y RESPUESTAS'!M32="v",1,0) -> 0 | S60: =IF('DATOS Y RESPUESTAS'!M32="f",1,0) -> 1 | BV60: 45 | BW60: 91 | BX60: 93 | BY60: 113 | BZ60: 45 | CA60: 70 | CB60: 92 | CC60: 83 | CD60: 115 | CE60: 50 | CF60: 100 | CG60: 81 | CH60: 115 | CI60: 115 | CJ60: 92 | CK60: 115 | CL60: 112 | CM60: 115 | CN60: 107 | CO60: 115 | CP60: 115 | CQ60: 115 | CR60: 108 | CS60: 109 | CT60: 115 | CU60: 107 | CV60: 108 | CW60: 115 | CX60: 100 | CY60: 100 | CZ60: 83 | DA60: 91 | DB60: 115 | DC60: 48 | DD60: 71 | DE60: 85 | DF60: 83 | DG60: 115 | DH60: 59 | DI60: 108 | DJ60: 75 | DK60: 115 | DL60: 115 | DM60: 83 | DN60: 115 | DO60: 113 | DP60: 115 | DQ60: 113 | DR60: 115 | DS60: 115 | DT60: 115 | DU60: 108 | DV60: 112 | DW60: 115 | DX60: 109 | DY60: 111 | DZ60: 115 | EA60: 100 | EB60: 100 | EC60: 85 | ED60: 74 | EE60: 113 | EF60: 31 | EG60: 85 | EH60: 108 | EI60: 91 | EJ60: 115 | EK60: 51 | EL60: 94 | EM60: 68 | EN60: 115 | EO60: 115 | EP60: 68 | EQ60: 115 | ER60: 93 | ES60: 115 | ET60: 113 | EU60: 115 | EV60: 115 | EW60: 115 | EX60: 110 | EY60: 114 | EZ60: 115 | FA60: 82 | FB60: 94 | FC60: 115 | FD60: 100 | FE60: 100 | FF60: 78 | FG60: 72 | FH60: 110 | FI60: 29 | FJ60: 82 | FK60: 109 | FL60: 92 | FM60: 115 | FN60: 59 | FO60: 93 | FP60: 62 | FQ60: 115 | FR60: 115 | FS60: 63 | FT60: 115 | FU60: 107 | FV60: 115 | FW60: 114 | FX60: 115 | FY60: 115 | FZ60: 115 | GA60: 112 | GB60: 115 | GC60: 115 | GD60: 75 | GE60: 78 | GF60: 115 | GG60: 100 | GH60: 100 | GJ60: 47 | GK60: 2 | GL60: 25 | GT60: -76 | GU60: -7
A61: 20 | B61: =IF('DATOS Y RESPUESTAS'!C33="v",1,0) -> 1 | C61: =IF('DATOS Y RESPUESTAS'!C33="f",1,0) -> 0 | D61: 45 | E61: =IF('DATOS Y RESPUESTAS'!E33="v",1,0) -> 0 | F61: =IF('DATOS Y RESPUESTAS'!E33="f",1,0) -> 1 | H61: 70 | I61: =IF('DATOS Y RESPUESTAS'!G33="v",1,0) -> 1 | J61: =IF('DATOS Y RESPUESTAS'!G33="f",1,0) -> 0 | K61: 95 | L61: =IF('DATOS Y RESPUESTAS'!I33="v",1,0) -> 0 | M61: =IF('DATOS Y RESPUESTAS'!I33="f",1,0) -> 1 | N61: 120 | O61: =IF('DATOS Y RESPUESTAS'!K33="v",1,0) -> 0 | P61: =IF('DATOS Y RESPUESTAS'!K33="f",1,0) -> 1 | Q61: 145 | R61: =IF('DATOS Y RESPUESTAS'!M33="v",1,0) -> 0 | S61: =IF('DATOS Y RESPUESTAS'!M33="f",1,0) -> 1 | BV61: 46 | BW61: 95 | BX61: 95 | BY61: 115 | BZ61: 46 | CA61: 73 | CB61: 98 | CC61: 85 | CD61: 115 | CE61: 53 | CF61: 102 | CG61: 82 | CH61: 115 | CI61: 115 | CJ61: 93 | CK61: 115 | CL61: 115 | CM61: 115 | CN61: 107 | CO61: 115 | CP61: 115 | CQ61: 115 | CR61: 109 | CS61: 113 | CT61: 115 | CU61: 109 | CV61: 109 | CW61: 115 | CX61: 100 | CY61: 100 | CZ61: 85 | DA61: 91 | DB61: 115 | DC61: 50 | DD61: 73 | DE61: 93 | DF61: 85 | DG61: 115 | DH61: 63 | DI61: 111 | DJ61: 79 | DK61: 115 | DL61: 115 | DM61: 85 | DN61: 115 | DO61: 113 | DP61: 115 | DQ61: 113 | DR61: 115 | DS61: 115 | DT61: 115 | DU61: 110 | DV61: 112 | DW61: 115 | DX61: 109 | DY61: 111 | DZ61: 115 | EA61: 100 | EB61: 100 | EC61: 89 | ED61: 75 | EE61: 114 | EF61: 36 | EG61: 90 | EH61: 110 | EI61: 94 | EJ61: 115 | EK61: 54 | EL61: 95 | EM61: 69 | EN61: 115 | EO61: 115 | EP61: 67 | EQ61: 115 | ER61: 99 | ES61: 115 | ET61: 113 | EU61: 115 | EV61: 115 | EW61: 115 | EX61: 110 | EY61: 114 | EZ61: 115 | FA61: 85 | FB61: 96 | FC61: 115 | FD61: 100 | FE61: 100 | FF61: 82 | FG61: 73 | FH61: 112 | FI61: 34 | FJ61: 85 | FK61: 109 | FL61: 96 | FM61: 115 | FN61: 61 | FO61: 97 | FP61: 64 | FQ61: 115 | FR61: 115 | FS61: 64 | FT61: 115 | FU61: 110 | FV61: 115 | FW61: 114 | FX61: 115 | FY61: 115 | FZ61: 115 | GA61: 113 | GB61: 115 | GC61: 115 | GD61: 82 | GE61: 81 | GF61: 115 | GG61: 100 | GH61: 100 | GJ61: 48 | GK61: 2 | GL61: 25 | GT61: -75 | GU61: -7
A62: 21 | B62: =IF('DATOS Y RESPUESTAS'!C34="v",1,0) -> 0 | C62: =IF('DATOS Y RESPUESTAS'!C34="f",1,0) -> 1 | D62: 46 | E62: =IF('DATOS Y RESPUESTAS'!E34="v",1,0) -> 1 | F62: =IF('DATOS Y RESPUESTAS'!E34="f",1,0) -> 0 | H62: 71 | I62: =IF('DATOS Y RESPUESTAS'!G34="v",1,0) -> 1 | J62: =IF('DATOS Y RESPUESTAS'!G34="f",1,0) -> 0 | K62: 96 | L62: =IF('DATOS Y RESPUESTAS'!I34="v",1,0) -> 1 | M62: =IF('DATOS Y RESPUESTAS'!I34="f",1,0) -> 0 | N62: 121 | O62: =IF('DATOS Y RESPUESTAS'!K34="v",1,0) -> 0 | P62: =IF('DATOS Y RESPUESTAS'!K34="f",1,0) -> 1 | Q62: 146 | R62: =IF('DATOS Y RESPUESTAS'!M34="v",1,0) -> 0 | S62: =IF('DATOS Y RESPUESTAS'!M34="f",1,0) -> 1 | BV62: 47 | BW62: 100 | BX62: 97 | BY62: 115 | BZ62: 50 | CA62: 75 | CB62: 102 | CC62: 90 | CD62: 115 | CE62: 55 | CF62: 105 | CG62: 83 | CH62: 115 | CI62: 115 | CJ62: 96 | CK62: 115 | CL62: 115 | CM62: 115 | CN62: 110 | CO62: 115 | CP62: 115 | CQ62: 115 | CR62: 111 | CS62: 113 | CT62: 115 | CU62: 110 | CV62: 110 | CW62: 115 | CX62: 100 | CY62: 100 | CZ62: 96 | DA62: 91 | DB62: 115 | DC62: 53 | DD62: 75 | DE62: 96 | DF62: 87 | DG62: 115 | DH62: 65 | DI62: 114 | DJ62: 81 | DK62: 115 | DL62: 115 | DM62: 88 | DN62: 115 | DO62: 113 | DP62: 115 | DQ62: 113 | DR62: 115 | DS62: 115 | DT62: 115 | DU62: 113 | DV62: 115 | DW62: 115 | DX62: 109 | DY62: 111 | DZ62: 115 | EA62: 100 | EB62: 100 | EC62: 94 | ED62: 81 | EE62: 115 | EF62: 37 | EG62: 92 | EH62: 111 | EI62: 96 | EJ62: 115 | EK62: 57 | EL62: 97 | EM62: 70 | EN62: 115 | EO62: 115 | EP62: 70 | EQ62: 115 | ER62: 105 | ES62: 115 | ET62: 114 | EU62: 115 | EV62: 115 | EW62: 115 | EX62: 111 | EY62: 114 | EZ62: 115 | FA62: 94 | FB62: 99 | FC62: 115 | FD62: 100 | FE62: 100 | FF62: 83 | FG62: 75 | FH62: 113 | FI62: 37 | FJ62: 92 | FK62: 109 | FL62: 97 | FM62: 115 | FN62: 65 | FO62: 99 | FP62: 66 | FQ62: 115 | FR62: 115 | FS62: 65 | FT62: 115 | FU62: 112 | FV62: 115 | FW62: 114 | FX62: 115 | FY62: 115 | FZ62: 115 | GA62: 114 | GB62: 115 | GC62: 115 | GD62: 85 | GE62: 85 | GF62: 115 | GG62: 100 | GH62: 100 | GJ62: 49 | GK62: 2 | GL62: 25 | GT62: -74 | GU62: -7
A63: 22 | B63: =IF('DATOS Y RESPUESTAS'!C35="v",1,0) -> 0 | C63: =IF('DATOS Y RESPUESTAS'!C35="f",1,0) -> 1 | D63: 47 | E63: =IF('DATOS Y RESPUESTAS'!E35="v",1,0) -> 0 | F63: =IF('DATOS Y RESPUESTAS'!E35="f",1,0) -> 1 | H63: 72 | I63: =IF('DATOS Y RESPUESTAS'!G35="v",1,0) -> 1 | J63: =IF('DATOS Y RESPUESTAS'!G35="f",1,0) -> 0 | K63: 97 | L63: =IF('DATOS Y RESPUESTAS'!I35="v",1,0) -> 0 | M63: =IF('DATOS Y RESPUESTAS'!I35="f",1,0) -> 1 | N63: 122 | O63: =IF('DATOS Y RESPUESTAS'!K35="v",1,0) -> 0 | P63: =IF('DATOS Y RESPUESTAS'!K35="f",1,0) -> 1 | Q63: 147 | R63: =IF('DATOS Y RESPUESTAS'!M35="v",1,0) -> 0 | S63: =IF('DATOS Y RESPUESTAS'!M35="f",1,0) -> 1 | BV63: 48 | BW63: 103 | BX63: 99 | BY63: 115 | BZ63: 54 | CA63: 79 | CB63: 105 | CC63: 94 | CD63: 115 | CE63: 58 | CF63: 110 | CG63: 84 | CH63: 115 | CI63: 115 | CJ63: 97 | CK63: 115 | CL63: 115 | CM63: 115 | CN63: 110 | CO63: 115 | CP63: 115 | CQ63: 115 | CR63: 111 | CS63: 113 | CT63: 115 | CU63: 111 | CV63: 112 | CW63: 115 | CX63: 100 | CY63: 100 | CZ63: 96 | DA63: 95 | DB63: 115 | DC63: 55 | DD63: 80 | DE63: 99 | DF63: 89 | DG63: 115 | DH63: 65 | DI63: 114 | DJ63: 83 | DK63: 115 | DL63: 115 | DM63: 88 | DN63: 115 | DO63: 113 | DP63: 115 | DQ63: 113 | DR63: 115 | DS63: 115 | DT63: 115 | DU63: 113 | DV63: 115 | DW63: 115 | DX63: 109 | DY63: 111 | DZ63: 115 | EA63: 100 | EB63: 100 | EC63: 99 | ED63: 83 | EE63: 115 | EF63: 40 | EG63: 97 | EH63: 112 | EI63: 98 | EJ63: 115 | EK63: 59 | EL63: 101 | EM63: 72 | EN63: 115 | EO63: 115 | EP63: 72 | EQ63: 115 | ER63: 110 | ES63: 115 | ET63: 114 | EU63: 115 | EV63: 115 | EW63: 115 | EX63: 111 | EY63: 114 | EZ63: 115 | FA63: 97 | FB63: 103 | FC63: 115 | FD63: 100 | FE63: 100 | FF63: 85 | FG63: 77 | FH63: 115 | FI63: 40 | FJ63: 99 | FK63: 109 | FL63: 97 | FM63: 115 | FN63: 67 | FO63: 104 | FP63: 68 | FQ63: 115 | FR63: 115 | FS63: 66 | FT63: 115 | FU63: 112 | FV63: 115 | FW63: 114 | FX63: 115 | FY63: 115 | FZ63: 115 | GA63: 114 | GB63: 115 | GC63: 115 | GD63: 92 | GE63: 92 | GF63: 115 | GG63: 100 | GH63: 100 | GJ63: 50 | GK63: 2 | GL63: 25 | GT63: -73 | GU63: -7
... A66: 25 | B66: =IF('DATOS Y RESPUESTAS'!C38="v",1,0) -> 0 | C66: =IF('DATOS Y RESPUESTAS'!C38="f",1,0) -> 1 | D66: 50 | E66: =IF('DATOS Y RESPUESTAS'!E38="v",1,0) -> 0 | F66: =IF('DATOS Y RESPUESTAS'!E38="f",1,0) -> 1 | H66: 75 | I66: =IF('DATOS Y RESPUESTAS'!G38="v",1,0) -> 1 | J66: =IF('DATOS Y RESPUESTAS'!G38="f",1,0) -> 0 | K66: 100 | L66: =IF('DATOS Y RESPUESTAS'!I38="v",1,0) -> 0 | M66: =IF('DATOS Y RESPUESTAS'!I38="f",1,0) -> 1 | N66: 125 | O66: =IF('DATOS Y RESPUESTAS'!K38="v",1,0) -> 0 | P66: =IF('DATOS Y RESPUESTAS'!K38="f",1,0) -> 1 | Q66: 150 | R66: =IF('DATOS Y RESPUESTAS'!M38="v",1,0) -> 0 | S66: =IF('DATOS Y RESPUESTAS'!M38="f",1,0) -> 1 | BV66: 51 | BW66: 109 | BX66: 102 | BY66: 115 | BZ66: 63 | CA66: 93 | CB66: 113 | CC66: 102 | CD66: 115 | CE66: 66 | CF66: 111 | CG66: 89 | CH66: 115 | CI66: 115 | CJ66: 101 | CK66: 115 | CL66: 115 | CM66: 115 | CN66: 114 | CO66: 115 | CP66: 115 | CQ66: 115 | CR66: 114 | CS66: 115 | CT66: 115 | CU66: 113 | CV66: 112 | CW66: 115 | CX66: 100 | CY66: 100 | CZ66: 104 | DA66: 101 | DB66: 115 | DC66: 63 | DD66: 96 | DE66: 113 | DF66: 100 | DG66: 115 | DH66: 72 | DI66: 115 | DJ66: 86 | DK66: 115 | DL66: 115 | DM66: 94 | DN66: 115 | DO66: 113 | DP66: 115 | DQ66: 113 | DR66: 115 | DS66: 115 | DT66: 115 | DU66: 115 | DV66: 115 | DW66: 115 | DX66: 115 | DY66: 113 | DZ66: 115 | EA66: 100 | EB66: 100 | EC66: 107 | ED66: 90 | EE66: 115 | EF66: 47 | EG66: 107 | EH66: 114 | EI66: 104 | EJ66: 115 | EK66: 68 | EL66: 109 | EM66: 75 | EN66: 115 | EO66: 115 | EP66: 75 | EQ66: 115 | ER66: 112 | ES66: 115 | ET66: 114 | EU66: 115 | EV66: 115 | EW66: 115 | EX66: 112 | EY66: 115 | EZ66: 115 | FA66: 107 | FB66: 111 | FC66: 115 | FD66: 100 | FE66: 100 | FF66: 92 | FG66: 82 | FH66: 115 | FI66: 47 | FJ66: 109 | FK66: 113 | FL66: 108 | FM66: 115 | FN66: 74 | FO66: 112 | FP66: 72 | FQ66: 115 | FR66: 115 | FS66: 72 | FT66: 115 | FU66: 115 | FV66: 115 | FW66: 114 | FX66: 115 | FY66: 115 | FZ66: 115 | GA66: 114 | GB66: 115 | GC66: 115 | GD66: 111 | GE66: 106 | GF66: 115 | GG66: 100 | GH66: 100 | GJ66: 53 | GK66: 2 | GL66: 25 | GT66: -70 | GU66: -7
I67: Desarrollado por:
I68: Sergio Dominguez Lara | J68: =IF(N70<200,1,0) -> 0 | K68: =IF(N70>590,1,0) -> 0 | L68: =SUM(J68:K68) -> 0 | BV68: 52 | BW68: 111 | BX68: 106 | BY68: 115 | BZ68: 65 | CA68: 102 | CB68: 114 | CC68: 102 | CD68: 115 | CE68: 69 | CF68: 111 | CG68: 91 | CH68: 115 | CI68: 115 | CJ68: 105 | CK68: 115 | CL68: 115 | CM68: 115 | CN68: 114 | CO68: 115 | CP68: 115 | CQ68: 115 | CR68: 114 | CS68: 115 | CT68: 115 | CU68: 114 | CV68: 113 | CW68: 115 | CX68: 100 | CY68: 100 | CZ68: 104 | DA68: 101 | DB68: 115 | DC68: 68 | DD68: 101 | DE68: 113 | DF68: 102 | DG68: 115 | DH68: 75 | DI68: 115 | DJ68: 87 | DK68: 115 | DL68: 115 | DM68: 94 | DN68: 115 | DO68: 115 | DP68: 115 | DQ68: 113 | DR68: 115 | DS68: 115 | DT68: 115 | DU68: 115 | DV68: 115 | DW68: 115 | DX68: 115 | DY68: 115 | DZ68: 115 | EA68: 100 | EB68: 100 | EC68: 108 | ED68: 94 | EE68: 115 | EF68: 50 | EG68: 108 | EH68: 114 | EI68: 105 | EJ68: 115 | EK68: 70 | EL68: 110 | EM68: 78 | EN68: 115 | EO68: 115 | EP68: 77 | EQ68: 115 | ER68: 114 | ES68: 115 | ET68: 114 | EU68: 115 | EV68: 115 | EW68: 115 | EX68: 112 | EY68: 115 | EZ68: 115 | FA68: 111 | FB68: 113 | FC68: 115 | FD68: 100 | FE68: 100 | FF68: 95 | FG68: 85 | FH68: 115 | FI68: 50 | FJ68: 110 | FK68: 113 | FL68: 111 | FM68: 115 | FN68: 75 | FO68: 112 | FP68: 73 | FQ68: 115 | FR68: 115 | FS68: 74 | FT68: 115 | FU68: 115 | FV68: 115 | FW68: 114 | FX68: 115 | FY68: 115 | FZ68: 115 | GA68: 114 | GB68: 115 | GC68: 115 | GD68: 113 | GE68: 112 | GF68: 115 | GG68: 100 | GH68: 100 | GJ68: 54 | GK68: 2 | GL68: 25 | GT68: -69 | GU68: -7
I69: ESCALAS | N69: PD | O69: TB | Q69: AJUSTE DE SIGNO | V69: AJUSTE TRANSP. | X69: AJUSTE DE SIGNO | AD69: AJUSTE A/D | AF69: AJUSTE DE SIGNO | AL69: AJUSTE D/D | AO69: AJUSTE DE SIGNO | AT69: AJUSTE D/C | AU69: TB FINAL | AV69: INTERPRETACION DE LA ESCALA | BV69: 53 | BW69: 113 | BX69: 107 | BY69: 115 | BZ69: 68 | CA69: 105 | CB69: 114 | CC69: 102 | CD69: 115 | CE69: 72 | CF69: 112 | CG69: 93 | CH69: 115 | CI69: 115 | CJ69: 107 | CK69: 115 | CL69: 115 | CM69: 115 | CN69: 114 | CO69: 115 | CP69: 115 | CQ69: 115 | CR69: 114 | CS69: 115 | CT69: 115 | CU69: 114 | CV69: 115 | CW69: 115 | CX69: 100 | CY69: 100 | CZ69: 108 | DA69: 105 | DB69: 115 | DC69: 69 | DD69: 104 | DE69: 113 | DF69: 113 | DG69: 115 | DH69: 85 | DI69: 115 | DJ69: 90 | DK69: 115 | DL69: 115 | DM69: 94 | DN69: 115 | DO69: 115 | DP69: 115 | DQ69: 113 | DR69: 115 | DS69: 115 | DT69: 115 | DU69: 115 | DV69: 115 | DW69: 115 | DX69: 115 | DY69: 115 | DZ69: 115 | EA69: 100 | EB69: 100 | EC69: 109 | ED69: 97 | EE69: 115 | EF69: 53 | EG69: 109 | EH69: 114 | EI69: 107 | EJ69: 115 | EK69: 72 | EL69: 110 | EM69: 81 | EN69: 115 | EO69: 115 | EP69: 79 | EQ69: 115 | ER69: 115 | ES69: 115 | ET69: 114 | EU69: 115 | EV69: 115 | EW69: 115 | EX69: 112 | EY69: 115 | EZ69: 115 | FA69: 114 | FB69: 113 | FC69: 115 | FD69: 100 | FE69: 100 | FF69: 100 | FG69: 89 | FH69: 115 | FI69: 52 | FJ69: 111 | FK69: 115 | FL69: 111 | FM69: 115 | FN69: 78 | FO69: 112 | FP69: 74 | FQ69: 115 | FR69: 115 | FS69: 75 | FT69: 115 | FU69: 115 | FV69: 115 | FW69: 114 | FX69: 115 | FY69: 115 | FZ69: 115 | GA69: 114 | GB69: 115 | GC69: 115 | GD69: 114 | GE69: 113 | GF69: 115 | GG69: 100 | GH69: 100 | GJ69: 55 | GK69: 2 | GL69: 25 | GT69: -68 | GU69: -7 | HH69: ='DATOS Y RESPUESTAS'!A4 -> Nombre: | HI69: ='DATOS Y RESPUESTAS'!B4 -> NICOLE AIXA
A70: ESCALA Y | E70: =SUM(B43+B46+B50+B51+B64+B65+E66+I61+L52+L59+L62+O42+R46+R47+R61+R62+X50) -> 8 | I70: X-Transparencia | N70: =SUM(N73*1.5+N74*1.5+N75*2+N76*0.7+N77*0.7+N78+N79+N80*3+N81*0.7+N82+N83) -> 278 | O70: =LOOKUP(N70,GJ14:GK614) -> 37 | AU70: =O70 -> 37 | BV70: 54 | BW70: 113 | BX70: 108 | BY70: 115 | BZ70: 70 | CA70: 107 | CB70: 115 | CC70: 102 | CD70: 115 | CE70: 73 | CF70: 114 | CG70: 100 | CH70: 115 | CI70: 115 | CJ70: 109 | CK70: 115 | CL70: 115 | CM70: 115 | CN70: 114 | CO70: 115 | CP70: 115 | CQ70: 115 | CR70: 115 | CS70: 115 | CT70: 115 | CU70: 115 | CV70: 115 | CW70: 115 | CX70: 100 | CY70: 100 | CZ70: 112 | DA70: 108 | DB70: 115 | DC70: 70 | DD70: 104 | DE70: 115 | DF70: 113 | DG70: 115 | DH70: 92 | DI70: 115 | DJ70: 93 | DK70: 115 | DL70: 115 | DM70: 99 | DN70: 115 | DO70: 115 | DP70: 115 | DQ70: 113 | DR70: 115 | DS70: 115 | DT70: 115 | DU70: 115 | DV70: 115 | DW70: 115 | DX70: 115 | DY70: 115 | DZ70: 115 | EA70: 100 | EB70: 100 | EC70: 111 | ED70: 102 | EE70: 115 | EF70: 57 | EG70: 111 | EH70: 114 | EI70: 107 | EJ70: 115 | EK70: 75 | EL70: 111 | EM70: 85 | EN70: 115 | EO70: 115 | EP70: 82 | EQ70: 115 | ER70: 115 | ES70: 115 | ET70: 114 | EU70: 115 | EV70: 115 | EW70: 115 | EX70: 114 | EY70: 115 | EZ70: 115 | FA70: 115 | FB70: 114 | FC70: 115 | FD70: 100 | FE70: 100 | FF70: 103 | FG70: 92 | FH70: 115 | FI70: 54 | FJ70: 111 | FK70: 115 | FL70: 112 | FM70: 115 | FN70: 82 | FO70: 112 | FP70: 75 | FQ70: 115 | FR70: 115 | FS70: 80 | FT70: 115 | FU70: 115 | FV70: 115 | FW70: 114 | FX70: 115 | FY70: 115 | FZ70: 115 | GA70: 115 | GB70: 115 | GC70: 115 | GD70: 115 | GE70: 114 | GF70: 115 | GG70: 100 | GH70: 100 | GJ70: 56 | GK70: 2 | GL70: 25 | GT70: -67 | GU70: -7 | HH70: ='DATOS Y RESPUESTAS'!A5 -> Apellidos: | HI70: ='DATOS Y RESPUESTAS'!B5 -> CONTRERAS ZURITA | IT70: 0 | IU70: Indicador nulo
A71: ESCALA Z | E71: =SUM(B66+E50+E59+I54+I62+L45+L46+L50+O47+O53+R49+R56+R57+R63+X44+X45) -> 2 | I71: Y-Deseabilidad | N71: =SUM(E70:H70) -> 8 | O71: =LOOKUP(O104,FE109:FE112,GG109:GG112) -> 41 | AU71: =O71 -> 41 | BV71: 55 | BW71: 114 | BX71: 108 | BY71: 115 | BZ71: 73 | CA71: 108 | CB71: 115 | CC71: 103 | CD71: 115 | CE71: 75 | CF71: 114 | CG71: 100 | CH71: 115 | CI71: 115 | CJ71: 109 | CK71: 115 | CL71: 115 | CM71: 115 | CN71: 114 | CO71: 115 | CP71: 115 | CQ71: 115 | CR71: 115 | CS71: 115 | CT71: 115 | CU71: 115 | CV71: 115 | CW71: 115 | CX71: 100 | CY71: 100 | CZ71: 115 | DA71: 108 | DB71: 115 | DC71: 73 | DD71: 107 | DE71: 115 | DF71: 113 | DG71: 115 | DH71: 99 | DI71: 115 | DJ71: 98 | DK71: 115 | DL71: 115 | DM71: 99 | DN71: 115 | DO71: 115 | DP71: 115 | DQ71: 113 | DR71: 115 | DS71: 115 | DT71: 115 | DU71: 115 | DV71: 115 | DW71: 115 | DX71: 115 | DY71: 115 | DZ71: 115 | EA71: 100 | EB71: 100 | EC71: 111 | ED71: 105 | EE71: 115 | EF71: 59 | EG71: 113 | EH71: 115 | EI71: 108 | EJ71: 115 | EK71: 80 | EL71: 112 | EM71: 87 | EN71: 115 | EO71: 115 | EP71: 85 | EQ71: 115 | ER71: 115 | ES71: 115 | ET71: 114 | EU71: 115 | EV71: 115 | EW71: 115 | EX71: 114 | EY71: 115 | EZ71: 115 | FA71: 115 | FB71: 115 | FC71: 115 | FD71: 100 | FE71: 100 | FF71: 105 | FG71: 96 | FH71: 115 | FI71: 56 | FJ71: 112 | FK71: 115 | FL71: 112 | FM71: 115 | FN71: 85 | FO71: 112 | FP71: 78 | FQ71: 115 | FR71: 115 | FS71: 84 | FT71: 115 | FU71: 115 | FV71: 115 | FW71: 114 | FX71: 115 | FY71: 115 | FZ71: 115 | GA71: 115 | GB71: 115 | GC71: 115 | GD71: 115 | GE71: 114 | GF71: 115 | GG71: 100 | GH71: 100 | GJ71: 57 | GK71: 2 | GL71: 25 | GM71: ee | GN71: =IF(Q97>84,1,0) -> 0 | GT71: -66 | GU71: -7 | HH71: ='DATOS Y RESPUESTAS'!A6 -> Sexo: | HI71: ='DATOS Y RESPUESTAS'!B6 -> FEMENINO | IT71: 1 | IU71: Indicador nulo
A72: ESCALA 1 | E72: =SUM(B42+2*C43+3*B44+B53*3+B54+B56*3+C65+E48*2+E50+E51+E52*3+E54*2+E55+E63*2+F66+J47+J50*2+I52*3+I60+J61*2+M43*2+L46*2+L51*3+M52+L57*2+L65+L66*3) -> 10 | F72: =SUM(O43*2+P52+O56+O57+O59*2+O60*2+R48*2+R52+R57*2+R58+S59+S61*2+S62+R63+Y43+X45*2) -> 8 | I72: Z-Alteración | N72: =SUM(E71:H71) -> 2 | O72: =LOOKUP(O104,FE109:FE112,GH109:GH112) -> 34 | AU72: =O72 -> 34 | BV72: 56 | BW72: 114 | BX72: 110 | BY72: 115 | BZ72: 75 | CA72: 110 | CB72: 115 | CC72: 105 | CD72: 115 | CE72: 81 | CF72: 114 | CG72: 102 | CH72: 115 | CI72: 115 | CJ72: 110 | CK72: 115 | CL72: 115 | CM72: 115 | CN72: 115 | CO72: 115 | CP72: 115 | CQ72: 115 | CR72: 115 | CS72: 115 | CT72: 115 | CU72: 115 | CV72: 115 | CW72: 115 | CX72: 100 | CY72: 100 | CZ72: 115 | DA72: 112 | DB72: 115 | DC72: 75 | DD72: 113 | DE72: 115 | DF72: 113 | DG72: 115 | DH72: 99 | DI72: 115 | DJ72: 104 | DK72: 115 | DL72: 115 | DM72: 105 | DN72: 115 | DO72: 115 | DP72: 115 | DQ72: 113 | DR72: 115 | DS72: 115 | DT72: 115 | DU72: 115 | DV72: 115 | DW72: 115 | DX72: 115 | DY72: 115 | DZ72: 115 | EA72: 100 | EB72: 100 | EC72: 113 | ED72: 109 | EE72: 115 | EF72: 62 | EG72: 113 | EH72: 115 | EI72: 111 | EJ72: 115 | EK72: 83 | EL72: 112 | EM72: 82 | EN72: 115 | EO72: 115 | EP72: 93 | EQ72: 115 | ER72: 115 | ES72: 115 | ET72: 115 | EU72: 115 | EV72: 115 | EW72: 115 | EX72: 115 | EY72: 115 | EZ72: 115 | FA72: 115 | FB72: 115 | FC72: 115 | FD72: 100 | FE72: 100 | FF72: 107 | FG72: 100 | FH72: 115 | FI72: 58 | FJ72: 114 | FK72: 115 | FL72: 114 | FM72: 115 | FN72: 92 | FO72: 114 | FP72: 81 | FQ72: 115 | FR72: 115 | FS72: 85 | FT72: 115 | FU72: 115 | FV72: 115 | FW72: 115 | FX72: 115 | FY72: 115 | FZ72: 115 | GA72: 115 | GB72: 115 | GC72: 115 | GD72: 115 | GE72: 115 | GF72: 115 | GG72: 100 | GH72: 100 | GJ72: 58 | GK72: 2 | GL72: 25 | GM72: ff | GN72: =IF(Q98>84,1,0) -> 0 | GO72: =SUM(GN71:GN72) -> 0 | GT72: -65 | GU72: -7 | HH72: ='DATOS Y RESPUESTAS'!A7 -> Edad: | HI72: ='DATOS Y RESPUESTAS'!B7 -> 10 | IT72: 2 | IU72: Indicador nulo
A73: ESCALA 2A | E73: =SUM(C51*2+B54+C59+C65*2+E42+E47*2+E48*2+E51*2+E52*2+E54*3+I42+J50*2+J53+I55*2+J59+I60*2+J61*2+I62*3+M43+L46*2+L50*2+L51+L53*3+L65*3+L66+R56*2+R58*3+S59*2+S65*2+X44*2+X47) -> 15 | I73: 1-Introvertido | N73: =SUM(E72:H72) -> 18 | O73: =LOOKUP(O104,FE109:FE112,FF109:FF112) -> 26 | Q73: =O73+Q102 -> 26 | S73: =IF(Q73<1,1,0) -> 0 | T73: =SUM(S73+U73) -> 0 | U73: =IF(Q73>115,2,0) -> 0 | V73: =IF((Q73<116)*AND(Q73>-1),Q73,BT87) -> 26 | X73: =V73 -> 26 | AD73: =V73 -> 26 | AU73: =AD73 -> 26 | AV73: =LOOKUP(AU73,IT70:IU185) -> Indicador nulo | BV73: 57 | BW73: 114 | BX73: 113 | BY73: 115 | BZ73: 81 | CA73: 113 | CB73: 115 | CC73: 107 | CD73: 115 | CE73: 85 | CF73: 114 | CG73: 104 | CH73: 115 | CI73: 115 | CJ73: 110 | CK73: 115 | CL73: 115 | CM73: 115 | CN73: 115 | CO73: 115 | CP73: 115 | CQ73: 115 | CR73: 115 | CS73: 115 | CT73: 115 | CU73: 115 | CV73: 115 | CW73: 115 | CX73: 100 | CY73: 100 | CZ73: 115 | DA73: 112 | DB73: 115 | DC73: 77 | DD73: 113 | DE73: 115 | DF73: 113 | DG73: 115 | DH73: 101 | DI73: 115 | DJ73: 106 | DK73: 115 | DL73: 115 | DM73: 105 | DN73: 115 | DO73: 115 | DP73: 115 | DQ73: 115 | DR73: 115 | DS73: 115 | DT73: 115 | DU73: 115 | DV73: 115 | DW73: 115 | DX73: 115 | DY73: 115 | DZ73: 115 | EA73: 100 | EB73: 100 | EC73: 114 | ED73: 110 | EE73: 115 | EF73: 65 | EG73: 114 | EH73: 115 | EI73: 112 | EJ73: 115 | EK73: 85 | EL73: 112 | EM73: 87 | EN73: 115 | EO73: 115 | EP73: 99 | EQ73: 115 | ER73: 115 | ES73: 115 | ET73: 115 | EU73: 115 | EV73: 115 | EW73: 115 | EX73: 115 | EY73: 115 | EZ73: 115 | FA73: 115 | FB73: 115 | FC73: 115 | FD73: 100 | FE73: 100 | FF73: 108 | FG73: 103 | FH73: 115 | FI73: 63 | FJ73: 115 | FK73: 115 | FL73: 114 | FM73: 115 | FN73: 99 | FO73: 114 | FP73: 84 | FQ73: 115 | FR73: 115 | FS73: 92 | FT73: 115 | FU73: 115 | FV73: 115 | FW73: 115 | FX73: 115 | FY73: 115 | FZ73: 115 | GA73: 115 | GB73: 115 | GC73: 115 | GD73: 115 | GE73: 115 | GF73: 115 | GG73: 100 | GH73: 100 | GJ73: 59 | GK73: 2 | GL73: 25 | GT73: -64 | GU73: -6 | HH73: ='DATOS Y RESPUESTAS'!A8 -> Institución: | HI73: ='DATOS Y RESPUESTAS'!B8 -> VIDA PLENA | IT73: 3 | IU73: Indicador nulo
A74: ESCALA 2B | E74: =SUM(B60+B61*3+B66*2+E58*2+E59*2+E63*3+I45*2+I54+I55*3+L45*2+L50*2+L51+L57*3+L61*2+L64*3+O48*2+O51*2+O59*2+O62*3+R56+R63*2+X44*3+X45+X49) -> 10 | I74: 2A-Inhibido | N74: =SUM(E73:H73) -> 15 | O74: =LOOKUP(O104,FE109:FE112,FG109:FG112) -> 20 | Q74: =O74+Q102 -> 20 | S74: =IF(Q74<1,1,0) -> 0 | T74: =SUM(S74+U74) -> 0 | U74: =IF(Q74>115,2,0) -> 0 | V74: =IF((Q74<116)*AND(Q74>-1),Q74,BT88) -> 20 | X74: =V74-GM77 -> 20 | Z74: =IF(X74<0,1,0) -> 0 | AA74: =SUM(Z74+AB74) -> 0 | AB74: =IF(X74>115,2,0) -> 0 | AD74: =IF((X74<116)*AND(X74>-1),X74,BN90) -> 20 | AU74: =AD74 -> 20 | AV74: =LOOKUP(AU74,IT70:IU185) -> Indicador nulo | BV74: 58 | BW74: 114 | BX74: 113 | BY74: 115 | BZ74: 84 | CA74: 114 | CB74: 115 | CC74: 107 | CD74: 115 | CE74: 92 | CF74: 114 | CG74: 109 | CH74: 115 | CI74: 115 | CJ74: 111 | CK74: 115 | CL74: 115 | CM74: 115 | CN74: 115 | CO74: 115 | CP74: 115 | CQ74: 115 | CR74: 115 | CS74: 115 | CT74: 115 | CU74: 115 | CV74: 115 | CW74: 115 | CX74: 100 | CY74: 100 | CZ74: 115 | DA74: 112 | DB74: 115 | DC74: 80 | DD74: 115 | DE74: 115 | DF74: 113 | DG74: 115 | DH74: 106 | DI74: 115 | DJ74: 106 | DK74: 115 | DL74: 115 | DM74: 108 | DN74: 115 | DO74: 115 | DP74: 115 | DQ74: 115 | DR74: 115 | DS74: 115 | DT74: 115 | DU74: 115 | DV74: 115 | DW74: 115 | DX74: 115 | DY74: 115 | DZ74: 115 | EA74: 100 | EB74: 100 | EC74: 115 | ED74: 112 | EE74: 115 | EF74: 68 | EG74: 115 | EH74: 115 | EI74: 112 | EJ74: 115 | EK74: 94 | EL74: 113 | EM74: 101 | EN74: 115 | EO74: 115 | EP74: 104 | EQ74: 115 | ER74: 115 | ES74: 115 | ET74: 115 | EU74: 115 | EV74: 115 | EW74: 115 | EX74: 115 | EY74: 115 | EZ74: 115 | FA74: 115 | FB74: 115 | FC74: 115 | FD74: 100 | FE74: 100 | FF74: 108 | FG74: 106 | FH74: 115 | FI74: 66 | FJ74: 115 | FK74: 115 | FL74: 114 | FM74: 115 | FN74: 103 | FO74: 114 | FP74: 85 | FQ74: 115 | FR74: 115 | FS74: 101 | FT74: 115 | FU74: 115 | FV74: 115 | FW74: 115 | FX74: 115 | FY74: 115 | FZ74: 115 | GA74: 115 | GB74: 115 | GC74: 115 | GD74: 115 | GE74: 115 | GF74: 115 | GG74: 100 | GH74: 100 | GJ74: 60 | GK74: 2 | GL74: 25 | GM74: =IF((GN71=1)*AND(GN72=0),Q97-84,0) -> 0 | GT74: -63 | GU74: -6 | HC74: 1 | HD74: =AL73 -> 0 | HH74: ='DATOS Y RESPUESTAS'!A9 -> Evaluador: | HI74: ='DATOS Y RESPUESTAS'!B9 -> GARCIA | IT74: 4 | IU74: Indicador nulo
A75: ESCALA 3 | E75: =SUM(B42*3+C44+C45+B46*2+B47*2+B49*2+B50*2+C51+C60+C62*2+B64*2+F44*2+E45*2+F57*2+F60+J43*2+J51+I54*3+J59*2+I62*2+J66+M44*2+L45+L47+L53*2+M54+M58*2+L59+L62*2) -> 29 | F75: =SUM(M63*2+P42+O43*3+O50*3+O54*3+P58+O63*3+S44*2+R46+S48*2+R49+S63+S64+S66*2+X42*3+Y46+Y48*2+Y49+Y51) -> 20 | I75: 2B-Pesimista | N75: =SUM(E74:H74) -> 10 | O75: =LOOKUP(O104,FE109:FE112,FH109:FH112) -> 37 | Q75: =O75+Q102 -> 37 | S75: =IF(Q75<1,1,0) -> 0 | T75: =SUM(S75+U75) -> 0 | U75: =IF(Q75>115,2,0) -> 0 | V75: =IF((Q75<116)*AND(Q75>-1),Q75,BT89) -> 37 | X75: =V75-GM77 -> 37 | Z75: =IF(X75<0,1,0) -> 0 | AA75: =SUM(Z75+AB75) -> 0 | AB75: =IF(X75>115,2,0) -> 0 | AD75: =IF((X75<116)*AND(X75>-1),X75,BN91) -> 37 | AU75: =AD75 -> 37 | AV75: =LOOKUP(AU75,IT70:IU185) -> Indicador nulo | BV75: 59 | BW75: 114 | BX75: 113 | BY75: 115 | BZ75: 85 | CA75: 115 | CB75: 115 | CC75: 107 | CD75: 115 | CE75: 98 | CF75: 114 | CG75: 109 | CH75: 115 | CI75: 115 | CJ75: 112 | CK75: 115 | CL75: 115 | CM75: 115 | CN75: 115 | CO75: 115 | CP75: 115 | CQ75: 115 | CR75: 115 | CS75: 115 | CT75: 115 | CU75: 115 | CV75: 115 | CW75: 115 | CX75: 100 | CY75: 100 | CZ75: 115 | DA75: 115 | DB75: 115 | DC75: 85 | DD75: 115 | DE75: 115 | DF75: 113 | DG75: 115 | DH75: 110 | DI75: 115 | DJ75: 109 | DK75: 115 | DL75: 115 | DM75: 108 | DN75: 115 | DO75: 115 | DP75: 115 | DQ75: 115 | DR75: 115 | DS75: 115 | DT75: 115 | DU75: 115 | DV75: 115 | DW75: 115 | DX75: 115 | DY75: 115 | DZ75: 115 | EA75: 100 | EB75: 100 | EC75: 115 | ED75: 114 | EE75: 115 | EF75: 71 | EG75: 115 | EH75: 115 | EI75: 112 | EJ75: 115 | EK75: 99 | EL75: 114 | EM75: 102 | EN75: 115 | EO75: 115 | EP75: 108 | EQ75: 115 | ER75: 115 | ES75: 115 | ET75: 115 | EU75: 115 | EV75: 115 | EW75: 115 | EX75: 115 | EY75: 115 | EZ75: 115 | FA75: 115 | FB75: 115 | FC75: 115 | FD75: 100 | FE75: 100 | FF75: 108 | FG75: 107 | FH75: 115 | FI75: 68 | FJ75: 115 | FK75: 115 | FL75: 114 | FM75: 115 | FN75: 108 | FO75: 114 | FP75: 87 | FQ75: 115 | FR75: 115 | FS75: 102 | FT75: 115 | FU75: 115 | FV75: 115 | FW75: 115 | FX75: 115 | FY75: 115 | FZ75: 115 | GA75: 115 | GB75: 115 | GC75: 115 | GD75: 115 | GE75: 115 | GF75: 115 | GG75: 100 | GH75: 100 | GJ75: 61 | GK75: 2 | GL75: 25 | GM75: =IF((GN71=0)*AND(GN72=1),Q98-84,0) -> 0 | GP75: 0 | GQ75: 0 | GT75: -62 | GU75: -6 | HC75: 2A | HD75: =AL74 -> 0 | HH75: ='DATOS Y RESPUESTAS'!A10 -> Fecha: | HI75: ='DATOS Y RESPUESTAS'!B10 -> 08 de agosto 2025 | IT75: 5 | IU75: Indicador nulo
A76: ESCALA 4 | E76: =SUM(B51*2+C54+C60+B65*3+F42+E44+F47*2+F50+F51*2+F52+F54*2+E56+F59+F63+I47*3+I50*3+J60*2+I61*3+I66+L43*3+M50+M51*2+L52*2+M53+M55+L58+M63*2+M66) -> 32 | F76: =SUM(O42*2+O44*3+P47+P51+O52+P60*2+S43+S48+R51+S58*2+R59+R64+Y44) -> 8 | I76: 3-Sumiso | N76: =SUM(E75:H75) -> 49 | O76: =LOOKUP(O104,FE109:FE112,FI109:FI112) -> 42 | Q76: =O76+Q102 -> 42 | S76: =IF(Q76<1,1,0) -> 0 | T76: =SUM(S76+U76) -> 0 | U76: =IF(Q76>115,2,0) -> 0 | V76: =IF((Q76<116)*AND(Q76>-1),Q76,BT90) -> 42 | X76: =V76 -> 42 | AD76: =V76 -> 42 | AU76: =AD76 -> 42 | AV76: =LOOKUP(AU76,IT70:IU185) -> Indicador nulo | BC76: 4> | BD76: =IF((HD78>HD74)*AND(HD78>HD75)*AND(HD78>HD76)*AND(HD78>HD77)*AND(HD78>HD80)*AND(HD78>HD81)*AND(HD78>HD83)*AND(HD78>HD84),1,0) -> 0 | BF76: 2A | BG76: =IF((HD75>HD74)*AND(HD75>HD77)*AND(HD75>HD78)*AND(HD75>HD79)*AND(HD75>HD80)*AND(HD75>HD81)*AND(HD75>HD82)*AND(HD75>HD83),1,0) -> 0 | BV76: 60 | BW76: 114 | BX76: 114 | BY76: 115 | BZ76: 89 | CA76: 115 | CB76: 115 | CC76: 110 | CD76: 115 | CE76: 106 | CF76: 114 | CG76: 111 | CH76: 115 | CI76: 115 | CJ76: 114 | CK76: 115 | CL76: 115 | CM76: 115 | CN76: 115 | CO76: 115 | CP76: 115 | CQ76: 115 | CR76: 115 | CS76: 115 | CT76: 115 | CU76: 115 | CV76: 115 | CW76: 115 | CX76: 100 | CY76: 100 | CZ76: 115 | DA76: 115 | DB76: 115 | DC76: 88 | DD76: 115 | DE76: 115 | DF76: 113 | DG76: 115 | DH76: 113 | DI76: 115 | DJ76: 109 | DK76: 115 | DL76: 115 | DM76: 110 | DN76: 115 | DO76: 115 | DP76: 115 | DQ76: 115 | DR76: 115 | DS76: 115 | DT76: 115 | DU76: 115 | DV76: 115 | DW76: 115 | DX76: 115 | DY76: 115 | DZ76: 115 | EA76: 100 | EB76: 100 | EC76: 115 | ED76: 114 | EE76: 115 | EF76: 74 | EG76: 115 | EH76: 115 | EI76: 112 | EJ76: 115 | EK76: 107 | EL76: 114 | EM76: 104 | EN76: 115 | EO76: 115 | EP76: 110 | EQ76: 115 | ER76: 115 | ES76: 115 | ET76: 115 | EU76: 115 | EV76: 115 | EW76: 115 | EX76: 115 | EY76: 115 | EZ76: 115 | FA76: 115 | FB76: 115 | FC76: 115 | FD76: 100 | FE76: 100 | FF76: 108 | FG76: 110 | FH76: 115 | FI76: 69 | FJ76: 115 | FK76: 115 | FL76: 114 | FM76: 115 | FN76: 112 | FO76: 114 | FP76: 96 | FQ76: 115 | FR76: 115 | FS76: 103 | FT76: 115 | FU76: 115 | FV76: 115 | FW76: 115 | FX76: 115 | FY76: 115 | FZ76: 115 | GA76: 115 | GB76: 115 | GC76: 115 | GD76: 115 | GE76: 115 | GF76: 115 | GG76: 100 | GH76: 100 | GJ76: 62 | GK76: 2 | GL76: 25 | GM76: =IF((GN71=1)*AND(GN72=1),(Q97-84)+(Q98-84),0) -> 0 | GN76: =SUM(GM74:GM76) -> 0 | GP76: 1 | GQ76: 1 | GT76: -61 | GU76: -6 | HC76: 2B | HD76: =AL75 -> 0 | IT76: 6 | IU76: Indicador nulo
A77: ESCALA 5 | E77: =SUM(C42+B43+B48*3+B51*2+C60+C61+B65*2+C66+F42+F47*2+F50+F54*2+E55+E57+I43*3+I47*2+I50) -> 13 | F77: =SUM(J54*2+I59+J60*2+I61+M50*2+L52*3+M57+L60+M65*2) -> 8 | H77: =SUM(O42*3+O44*2+O45+P56+S43*2+R47+R51*3+R55+S56*2+R61*2+R62*3+Y42) -> 6 | I77: 4-Histriónico | N77: =SUM(E76:H76) -> 40 | O77: =LOOKUP(O104,FE109:FE112,FJ109:FJ112) -> 72 | Q77: =O77+Q102 -> 72 | S77: =IF(Q77<1,1,0) -> 0 | T77: =SUM(S77+U77) -> 0 | U77: =IF(Q77>115,2,0) -> 0 | V77: =IF((Q77<116)*AND(Q77>-1),Q77,BT91) -> 72 | X77: =V77 -> 72 | AD77: =V77 -> 72 | AU77: =AD77 -> 72 | AV77: =LOOKUP(AU77,IT70:IU185) -> Tema ligeramente problemático | BC77: 5> | BD77: =IF((HD79>HD74)*AND(HD79>HD75)*(HD79>HD76)*AND(HD79>HD77)*AND(HD79>HD80)*AND(HD79>HD81)*AND(HD79>HD83)*AND(HD79>HD84),1,0) -> 0 | BF77: 2B | BG77: =IF((HD76>HD74)*AND(HD76>HD77)*AND(HD76>HD78)*AND(HD76>HD79)*AND(HD76>HD80)*AND(HD76>HD81)*AND(HD76>HD82)*AND(HD76>HD83),1,0) -> 0 | BU77: ajuste a-d | BV77: 61 | BW77: 114 | BX77: 114 | BY77: 115 | BZ77: 94 | CA77: 115 | CB77: 115 | CC77: 112 | CD77: 115 | CE77: 112 | CF77: 115 | CG77: 111 | CH77: 115 | CI77: 115 | CJ77: 115 | CK77: 115 | CL77: 115 | CM77: 115 | CN77: 115 | CO77: 115 | CP77: 115 | CQ77: 115 | CR77: 115 | CS77: 115 | CT77: 115 | CU77: 115 | CV77: 115 | CW77: 115 | CX77: 100 | CY77: 100 | CZ77: 115 | DA77: 115 | DB77: 115 | DC77: 94 | DD77: 115 | DE77: 115 | DF77: 113 | DG77: 115 | DH77: 113 | DI77: 115 | DJ77: 109 | DK77: 115 | DL77: 115 | DM77: 113 | DN77: 115 | DO77: 115 | DP77: 115 | DQ77: 115 | DR77: 115 | DS77: 115 | DT77: 115 | DU77: 115 | DV77: 115 | DW77: 115 | DX77: 115 | DY77: 115 | DZ77: 115 | EA77: 100 | EB77: 100 | EC77: 115 | ED77: 115 | EE77: 115 | EF77: 75 | EG77: 115 | EH77: 115 | EI77: 113 | EJ77: 115 | EK77: 109 | EL77: 114 | EM77: 104 | EN77: 115 | EO77: 115 | EP77: 111 | EQ77: 115 | ER77: 115 | ES77: 115 | ET77: 115 | EU77: 115 | EV77: 115 | EW77: 115 | EX77: 115 | EY77: 115 | EZ77: 115 | FA77: 115 | FB77: 115 | FC77: 115 | FD77: 100 | FE77: 100 | FF77: 111 | FG77: 111 | FH77: 115 | FI77: 72 | FJ77: 115 | FK77: 115 | FL77: 114 | FM77: 115 | FN77: 113 | FO77: 114 | FP77: 99 | FQ77: 115 | FR77: 115 | FS77: 107 | FT77: 115 | FU77: 115 | FV77: 115 | FW77: 115 | FX77: 115 | FY77: 115 | FZ77: 115 | GA77: 115 | GB77: 115 | GC77: 115 | GD77: 115 | GE77: 115 | GF77: 115 | GG77: 100 | GH77: 100 | GJ77: 63 | GK77: 2 | GL77: 25 | GM77: =LOOKUP(GN76,GP75:GQ145) -> 0 | GN77: A/D | GP77: 2 | GQ77: 1 | GT77: -60 | GU77: -6 | HC77: 3 | HD77: =AL76 -> 0 | IT77: 7 | IU77: Indicador nulo
A78: ESCALA 6A | E78: =SUM(C46*2+C49*2+C50*2+C56*2+B59*2+B62*3+C64*2+E44*2+E55*3+E57*2+E60*2+F61*2+J42+I43+I48*2+I49*3+I50+I59*2+I64*2+L42*3+L43*2+M50+L58*3+M59*2+M62+M65) -> 21 | F78: =SUM(O45*2+O52*2+P57+O58*3+O61+S48*2+R51+R59*2+R64*3+R65*2+R66+X43+X46*3) -> 3 | I78: 5-Egocéntrico | N78: =SUM(E77:H77) -> 27 | O78: =LOOKUP(O104,FE109:FE112,FK109:FK112) -> 56 | Q78: =O78+Q102 -> 56 | S78: =IF(Q78<1,1,0) -> 0 | T78: =SUM(S78+U78) -> 0 | U78: =IF(Q78>115,2,0) -> 0 | V78: =IF((Q78<116)*AND(Q78>-1),Q78,BT92) -> 56 | X78: =V78 -> 56 | AD78: =V78 -> 56 | AU78: =AD78 -> 56 | AV78: =LOOKUP(AU78,IT70:IU185) -> Indicador nulo | BC78: 7> | BD78: =IF((HD82>HD74)*AND(HD82>HD75)*AND(HD82>HD76)*AND(HD82>HD77)*AND(HD82>HD80)*AND(HD82>HD81)*AND(HD82>HD83)*AND(HD82>HD84),1,0) -> 0 | BF78: 8B | BG78: =IF((HD84>HD74)*AND(HD84>HD77)*AND(HD84>HD78)*AND(HD84>HD79)*AND(HD84>HD80)*AND(HD84>HD81)*AND(HD84>HD82)*AND(HD84>HD83),1,0) -> 0 | BV78: 62 | BW78: 115 | BX78: 115 | BY78: 115 | BZ78: 99 | CA78: 115 | CB78: 115 | CC78: 112 | CD78: 115 | CE78: 114 | CF78: 115 | CG78: 111 | CH78: 115 | CI78: 115 | CJ78: 115 | CK78: 115 | CL78: 115 | CM78: 115 | CN78: 115 | CO78: 115 | CP78: 115 | CQ78: 115 | CR78: 115 | CS78: 115 | CT78: 115 | CU78: 115 | CV78: 115 | CW78: 115 | CX78: 100 | CY78: 100 | CZ78: 115 | DA78: 115 | DB78: 115 | DC78: 97 | DD78: 115 | DE78: 115 | DF78: 115 | DG78: 115 | DH78: 113 | DI78: 115 | DJ78: 112 | DK78: 115 | DL78: 115 | DM78: 113 | DN78: 115 | DO78: 115 | DP78: 115 | DQ78: 115 | DR78: 115 | DS78: 115 | DT78: 115 | DU78: 115 | DV78: 115 | DW78: 115 | DX78: 115 | DY78: 115 | DZ78: 115 | EA78: 100 | EB78: 100 | EC78: 115 | ED78: 115 | EE78: 115 | EF78: 82 | EG78: 115 | EH78: 115 | EI78: 113 | EJ78: 115 | EK78: 112 | EL78: 115 | EM78: 105 | EN78: 115 | EO78: 115 | EP78: 112 | EQ78: 115 | ER78: 115 | ES78: 115 | ET78: 115 | EU78: 115 | EV78: 115 | EW78: 115 | EX78: 115 | EY78: 115 | EZ78: 115 | FA78: 115 | FB78: 115 | FC78: 115 | FD78: 100 | FE78: 100 | FF78: 113 | FG78: 113 | FH78: 115 | FI78: 73 | FJ78: 115 | FK78: 115 | FL78: 114 | FM78: 115 | FN78: 114 | FO78: 115 | FP78: 99 | FQ78: 115 | FR78: 115 | FS78: 111 | FT78: 115 | FU78: 115 | FV78: 115 | FW78: 115 | FX78: 115 | FY78: 115 | FZ78: 115 | GA78: 115 | GB78: 115 | GC78: 115 | GD78: 115 | GE78: 115 | GF78: 115 | GG78: 100 | GH78: 100 | GJ78: 64 | GK78: 2 | GL78: 25 | GP78: 3 | GQ78: 2 | GT78: -59 | GU78: -6 | HC78: 4 | HD78: =AL77 -> 0 | IT78: 8 | IU78: Indicador nulo
A79: ESCALA 6B | E79: =SUM(C46*2+C50+B59+B62*2+E44*3+E57*3+F66+I43*2+I51*2+J62+I65+L44*3+M47*2+L63*3+O45*2+O58*2+R44*3+R55*3+R64*2+R65*2+X43+X48*3) -> 7 | I79: 6A-Rebelde | N79: =SUM(E78:H78) -> 24 | O79: =LOOKUP(O104,FE109:FE112,FL109:FL112) -> 49 | Q79: =O79+Q102 -> 49 | S79: =IF(Q79<1,1,0) -> 0 | T79: =SUM(S79+U79) -> 0 | U79: =IF(Q79>115,2,0) -> 0 | V79: =IF((Q79<116)*AND(Q79>-1),Q79,BT93) -> 49 | X79: =V79 -> 49 | AD79: =V79 -> 49 | AU79: =AD79 -> 49 | AV79: =LOOKUP(AU79,IT70:IU185) -> Indicador nulo | BD79: =SUM(BD76:BD78) -> 0 | BG79: =SUM(BG76:BG78) -> 0 | BV79: 63 | BW79: 115 | BX79: 115 | BY79: 115 | BZ79: 100 | CA79: 115 | CB79: 115 | CC79: 113 | CD79: 115 | CE79: 115 | CF79: 115 | CG79: 111 | CH79: 115 | CI79: 115 | CJ79: 115 | CK79: 115 | CL79: 115 | CM79: 115 | CN79: 115 | CO79: 115 | CP79: 115 | CQ79: 115 | CR79: 115 | CS79: 115 | CT79: 115 | CU79: 115 | CV79: 115 | CW79: 115 | CX79: 100 | CY79: 100 | CZ79: 115 | DA79: 115 | DB79: 115 | DC79: 100 | DD79: 115 | DE79: 115 | DF79: 115 | DG79: 115 | DH79: 115 | DI79: 115 | DJ79: 112 | DK79: 115 | DL79: 115 | DM79: 113 | DN79: 115 | DO79: 115 | DP79: 115 | DQ79: 115 | DR79: 115 | DS79: 115 | DT79: 115 | DU79: 115 | DV79: 115 | DW79: 115 | DX79: 115 | DY79: 115 | DZ79: 115 | EA79: 100 | EB79: 100 | EC79: 115 | ED79: 115 | EE79: 115 | EF79: 85 | EG79: 115 | EH79: 115 | EI79: 113 | EJ79: 115 | EK79: 114 | EL79: 115 | EM79: 108 | EN79: 115 | EO79: 115 | EP79: 112 | EQ79: 115 | ER79: 115 | ES79: 115 | ET79: 115 | EU79: 115 | EV79: 115 | EW79: 115 | EX79: 115 | EY79: 115 | EZ79: 115 | FA79: 115 | FB79: 115 | FC79: 115 | FD79: 100 | FE79: 100 | FF79: 113 | FG79: 113 | FH79: 115 | FI79: 74 | FJ79: 115 | FK79: 115 | FL79: 114 | FM79: 115 | FN79: 114 | FO79: 115 | FP79: 101 | FQ79: 115 | FR79: 115 | FS79: 113 | FT79: 115 | FU79: 115 | FV79: 115 | FW79: 115 | FX79: 115 | FY79: 115 | FZ79: 115 | GA79: 115 | GB79: 115 | GC79: 115 | GD79: 115 | GE79: 115 | GF79: 115 | GG79: 100 | GH79: 100 | GJ79: 65 | GK79: 2 | GL79: 25 | GM79: Y-Z | GN79: =O71-O72 -> 7 | GO79: =ABS(GN79) -> 7 | GP79: 4 | GQ79: 3 | GT79: -58 | GU79: -6 | HC79: 5 | HD79: =AL78 -> 0 | IT79: 9 | IU79: Indicador nulo
A80: ESCALA 7 | E80: =SUM(C45+B47+B50*3+B56*2+C59*2+C60+C62*2+B64*3+E43+F44+F50+F58*2+F59+E66*3+J44*2+J49+J64*2+J65*2+M42+M44+M56+L59*3+L62*3+M63) -> 29 | F80: =SUM(M66+P45+P48*2+P51+P58*2+P59+R46*3+S49+R61*2+S64+S65+S66*2+Y45*2+Y48+X50*3) -> 17 | I80: 6B-Rudo | N80: =SUM(E79:H79) -> 7 | O80: =LOOKUP(O104,FE109:FE112,FM109:FM112) -> 45 | Q80: =O80+Q102 -> 45 | S80: =IF(Q80<1,1,0) -> 0 | T80: =SUM(S80+U80) -> 0 | U80: =IF(Q80>115,2,0) -> 0 | V80: =IF((Q80<116)*AND(Q80>-1),Q80,BT94) -> 45 | X80: =V80 -> 45 | AD80: =V80 -> 45 | AU80: =AD80 -> 45 | AV80: =LOOKUP(AU80,IT70:IU185) -> Indicador nulo | BV80: 64 | BW80: 115 | BX80: 115 | BY80: 115 | BZ80: 106 | CA80: 115 | CB80: 115 | CC80: 113 | CD80: 115 | CE80: 115 | CF80: 115 | CG80: 113 | CH80: 115 | CI80: 115 | CJ80: 115 | CK80: 115 | CL80: 115 | CM80: 115 | CN80: 115 | CO80: 115 | CP80: 115 | CQ80: 115 | CR80: 115 | CS80: 115 | CT80: 115 | CU80: 115 | CV80: 115 | CW80: 115 | CX80: 100 | CY80: 100 | CZ80: 115 | DA80: 115 | DB80: 115 | DC80: 103 | DD80: 115 | DE80: 115 | DF80: 115 | DG80: 115 | DH80: 115 | DI80: 115 | DJ80: 115 | DK80: 115 | DL80: 115 | DM80: 115 | DN80: 115 | DO80: 115 | DP80: 115 | DQ80: 115 | DR80: 115 | DS80: 115 | DT80: 115 | DU80: 115 | DV80: 115 | DW80: 115 | DX80: 115 | DY80: 115 | DZ80: 115 | EA80: 100 | EB80: 100 | EC80: 115 | ED80: 115 | EE80: 115 | EF80: 94 | EG80: 115 | EH80: 115 | EI80: 113 | EJ80: 115 | EK80: 115 | EL80: 115 | EM80: 108 | EN80: 115 | EO80: 115 | EP80: 113 | EQ80: 115 | ER80: 115 | ES80: 115 | ET80: 115 | EU80: 115 | EV80: 115 | EW80: 115 | EX80: 115 | EY80: 115 | EZ80: 115 | FA80: 115 | FB80: 115 | FC80: 115 | FD80: 100 | FE80: 100 | FF80: 113 | FG80: 114 | FH80: 115 | FI80: 75 | FJ80: 115 | FK80: 115 | FL80: 114 | FM80: 115 | FN80: 115 | FO80: 115 | FP80: 103 | FQ80: 115 | FR80: 115 | FS80: 113 | FT80: 115 | FU80: 115 | FV80: 115 | FW80: 115 | FX80: 115 | FY80: 115 | FZ80: 115 | GA80: 115 | GB80: 115 | GC80: 115 | GD80: 115 | GE80: 115 | GF80: 115 | GG80: 100 | GH80: 100 | GJ80: 66 | GK80: 2 | GL80: 25 | GP80: 5 | GQ80: 4 | GT80: -57 | GU80: -6 | HC80: 6A | HD80: =AL79 -> 0 | IT80: 10 | IU80: Indicador nulo
A81: ESCALA 8A | E81: =SUM(B45*3+C46+B57+B59+B60*2+B63+C64*2+B66*3+E44+E50+E53*2+E55*2+E57+F61+E65+I45*2+I48+I57*2+I58*3+I61+I64*2+L44*2+L54*2+L56+L57*2+L61*2+M62+L63*2) -> 15 | F81: =SUM(O46+O48*2+O51*3+O58*2+O59*3+R43+R44+S46*2+R50+R52*3+R63*2+R64+R65*2+X48*2+X49) -> 8 | I81: 7-Conformista | N81: =SUM(E80:H80) -> 46 | O81: =LOOKUP(O104,FE109:FE112,FN109:FN112) -> 54 | Q81: =O81+Q102 -> 54 | S81: =IF(Q81<1,1,0) -> 0 | T81: =SUM(S81+U81) -> 0 | U81: =IF(Q81>115,2,0) -> 0 | V81: =IF((Q81<116)*AND(Q81>-1),Q81,BT95) -> 54 | X81: =V81 -> 54 | AD81: =V81 -> 54 | AU81: =AD81 -> 54 | AV81: =LOOKUP(AU81,IT70:IU185) -> Indicador nulo | BE81: =IF(BD79>BG79,4,0) -> 0 | BV81: 65 | BW81: 115 | BX81: 115 | BY81: 115 | BZ81: 109 | CA81: 115 | CB81: 115 | CC81: 113 | CD81: 115 | CE81: 115 | CF81: 115 | CG81: 115 | CH81: 115 | CI81: 115 | CJ81: 115 | CK81: 115 | CL81: 115 | CM81: 115 | CN81: 115 | CO81: 115 | CP81: 115 | CQ81: 115 | CR81: 115 | CS81: 115 | CT81: 115 | CU81: 115 | CV81: 115 | CW81: 115 | CX81: 100 | CY81: 100 | CZ81: 115 | DA81: 115 | DB81: 115 | DC81: 106 | DD81: 115 | DE81: 115 | DF81: 115 | DG81: 115 | DH81: 115 | DI81: 115 | DJ81: 115 | DK81: 115 | DL81: 115 | DM81: 115 | DN81: 115 | DO81: 115 | DP81: 115 | DQ81: 115 | DR81: 115 | DS81: 115 | DT81: 115 | DU81: 115 | DV81: 115 | DW81: 115 | DX81: 115 | DY81: 115 | DZ81: 115 | EA81: 100 | EB81: 100 | EC81: 115 | ED81: 115 | EE81: 115 | EF81: 98 | EG81: 115 | EH81: 115 | EI81: 114 | EJ81: 115 | EK81: 115 | EL81: 115 | EM81: 108 | EN81: 115 | EO81: 115 | EP81: 114 | EQ81: 115 | ER81: 115 | ES81: 115 | ET81: 115 | EU81: 115 | EV81: 115 | EW81: 115 | EX81: 115 | EY81: 115 | EZ81: 115 | FA81: 115 | FB81: 115 | FC81: 115 | FD81: 100 | FE81: 100 | FF81: 114 | FG81: 115 | FH81: 115 | FI81: 81 | FJ81: 115 | FK81: 115 | FL81: 115 | FM81: 115 | FN81: 115 | FO81: 115 | FP81: 106 | FQ81: 115 | FR81: 115 | FS81: 115 | FT81: 115 | FU81: 115 | FV81: 115 | FW81: 115 | FX81: 115 | FY81: 115 | FZ81: 115 | GA81: 115 | GB81: 115 | GC81: 115 | GD81: 115 | GE81: 115 | GF81: 115 | GG81: 100 | GH81: 100 | GJ81: 67 | GK81: 2 | GL81: 25 | GP81: 6 | GQ81: 4 | GT81: -56 | GU81: -6 | HC81: 6B | HD81: =AL80 -> 0 | IT81: 11 | IU81: Indicador nulo
A82: ESCALA 8B | E82: =SUM(C43*2+C47+C51+B59+B60*3+B61*2+B66+E42+F43+E49+E50*2+E51+E62*3+I45+I55+I57*3+J59*2+I62+I65+L46*3+L50*2+L54+L55*3+L65*2) -> 11 | F82: =SUM(O47*2+O48+O49*3+O51*2+O53*2+O59+O62+R43*2+R48+R49+R52+R53*2+R56*2+R57*3+R65+X42*2+X44+X47+X49*2+X51*3) -> 8 | I82: 8A-Oposicionista | N82: =SUM(E81:H81) -> 23 | O82: =LOOKUP(O104,FE109:FE112,FO109:FO112) -> 47 | Q82: =O82+Q102 -> 47 | S82: =IF(Q82<1,1,0) -> 0 | T82: =SUM(S82+U82) -> 0 | U82: =IF(Q82>115,2,0) -> 0 | V82: =IF((Q82<116)*AND(Q82>-1),Q82,BT96) -> 47 | X82: =V82 -> 47 | AD82: =V82 -> 47 | AU82: =AD82 -> 47 | AV82: =LOOKUP(AU82,IT70:IU185) -> Indicador nulo | BE82: =IF(BG79>BD79,-4,0) -> 0 | BV82: 66 | BW82: 115 | BX82: 115 | BY82: 115 | BZ82: 112 | CA82: 115 | CB82: 115 | CC82: 115 | CD82: 115 | CE82: 115 | CF82: 115 | CG82: 115 | CH82: 115 | CI82: 115 | CJ82: 115 | CK82: 115 | CL82: 115 | CM82: 115 | CN82: 115 | CO82: 115 | CP82: 115 | CQ82: 115 | CR82: 115 | CS82: 115 | CT82: 115 | CU82: 115 | CV82: 115 | CW82: 115 | CX82: 100 | CY82: 100 | CZ82: 115 | DA82: 115 | DB82: 115 | DC82: 106 | DD82: 115 | DE82: 115 | DF82: 115 | DG82: 115 | DH82: 115 | DI82: 115 | DJ82: 115 | DK82: 115 | DL82: 115 | DM82: 115 | DN82: 115 | DO82: 115 | DP82: 115 | DQ82: 115 | DR82: 115 | DS82: 115 | DT82: 115 | DU82: 115 | DV82: 115 | DW82: 115 | DX82: 115 | DY82: 115 | DZ82: 115 | EA82: 100 | EB82: 100 | EC82: 115 | ED82: 115 | EE82: 115 | EF82: 102 | EG82: 115 | EH82: 115 | EI82: 115 | EJ82: 115 | EK82: 115 | EL82: 115 | EM82: 110 | EN82: 115 | EO82: 115 | EP82: 115 | EQ82: 115 | ER82: 115 | ES82: 115 | ET82: 115 | EU82: 115 | EV82: 115 | EW82: 115 | EX82: 115 | EY82: 115 | EZ82: 115 | FA82: 115 | FB82: 115 | FC82: 115 | FD82: 100 | FE82: 100 | FF82: 114 | FG82: 115 | FH82: 115 | FI82: 85 | FJ82: 115 | FK82: 115 | FL82: 115 | FM82: 115 | FN82: 115 | FO82: 115 | FP82: 108 | FQ82: 115 | FR82: 115 | FS82: 115 | FT82: 115 | FU82: 115 | FV82: 115 | FW82: 115 | FX82: 115 | FY82: 115 | FZ82: 115 | GA82: 115 | GB82: 115 | GC82: 115 | GD82: 115 | GE82: 115 | GF82: 115 | GG82: 100 | GH82: 100 | GJ82: 68 | GK82: 2 | GL82: 25 | GN82: =LOOKUP(GN79,GT36:GU237) -> 1 | GP82: 7 | GQ82: 5 | GT82: -55 | GU82: -6 | HC82: 7 | HD82: =AL81 -> 0 | IT82: 12 | IU82: Indicador nulo
A83: ESCALA 9 | E83: =SUM(C43*2+B45*2+B59*2+E50*2+E60*2+I45*2+I54*2+I55*2+L44+L50*2+L54*2+O45*2+O48*2+O56*2+O58*2+O62+R57*2+S61*2+R65*2+X44*2+X45*2) -> 12 | I83: 8B-Autopunitivo | N83: =SUM(E82:H82) -> 19 | O83: =LOOKUP(O104,FE109:FE112,FP109:FP112) -> 38 | Q83: =O83+Q102 -> 38 | S83: =IF(Q83<1,1,0) -> 0 | T83: =SUM(S83+U83) -> 0 | U83: =IF(Q83>115,2,0) -> 0 | V83: =IF((Q83<116)*AND(Q83>-1),Q83,BT97) -> 38 | X83: =V83-GM77 -> 38 | Z83: =IF(X83<0,1,0) -> 0 | AA83: =SUM(Z83+AB83) -> 0 | AB83: =IF(X83>115,2,0) -> 0 | AD83: =IF((X83<116)*AND(X83>-1),X83,BN99) -> 38 | AU83: =AD83 -> 38 | AV83: =LOOKUP(AU83,IT70:IU185) -> Indicador nulo | BE83: =SUM(BE81:BE82) -> 0 | BV83: 67 | BW83: 115 | BX83: 115 | BY83: 115 | BZ83: 113 | CA83: 115 | CB83: 115 | CC83: 115 | CD83: 115 | CE83: 115 | CF83: 115 | CG83: 115 | CH83: 115 | CI83: 115 | CJ83: 115 | CK83: 115 | CL83: 115 | CM83: 115 | CN83: 115 | CO83: 115 | CP83: 115 | CQ83: 115 | CR83: 115 | CS83: 115 | CT83: 115 | CU83: 115 | CV83: 115 | CW83: 115 | CX83: 100 | CY83: 100 | CZ83: 115 | DA83: 115 | DB83: 115 | DC83: 109 | DD83: 115 | DE83: 115 | DF83: 115 | DG83: 115 | DH83: 115 | DI83: 115 | DJ83: 115 | DK83: 115 | DL83: 115 | DM83: 115 | DN83: 115 | DO83: 115 | DP83: 115 | DQ83: 115 | DR83: 115 | DS83: 115 | DT83: 115 | DU83: 115 | DV83: 115 | DW83: 115 | DX83: 115 | DY83: 115 | DZ83: 115 | EA83: 100 | EB83: 100 | EC83: 115 | ED83: 115 | EE83: 115 | EF83: 104 | EG83: 115 | EH83: 115 | EI83: 115 | EJ83: 115 | EK83: 115 | EL83: 115 | EM83: 112 | EN83: 115 | EO83: 115 | EP83: 115 | EQ83: 115 | ER83: 115 | ES83: 115 | ET83: 115 | EU83: 115 | EV83: 115 | EW83: 115 | EX83: 115 | EY83: 115 | EZ83: 115 | FA83: 115 | FB83: 115 | FC83: 115 | FD83: 100 | FE83: 100 | FF83: 115 | FG83: 115 | FH83: 115 | FI83: 95 | FJ83: 115 | FK83: 115 | FL83: 115 | FM83: 115 | FN83: 115 | FO83: 115 | FP83: 110 | FQ83: 115 | FR83: 115 | FS83: 115 | FT83: 115 | FU83: 115 | FV83: 115 | FW83: 115 | FX83: 115 | FY83: 115 | FZ83: 115 | GA83: 115 | GB83: 115 | GC83: 115 | GD83: 115 | GE83: 115 | GF83: 115 | GG83: 100 | GH83: 100 | GJ83: 69 | GK83: 2 | GL83: 25 | GM83: AJUSTE D/D | GN83: =IF(GO79>4,GN82,0) -> 1 | GP83: 8 | GQ83: 6 | GT83: -54 | GU83: -5 | HC83: 8A | HD83: =AL82 -> 0 | IT83: 13 | IU83: Indicador nulo
A84: ESCALA A | E84: =SUM(C43*3+B44+C50+C52+B53*2+B58+B61+E45+E50*3+E57+E58+E63*2+E65+I43*2+I57+J61+I62+L54*2+L61+O56*3+O59*2+O61+O63*2+S46+R50+S51+R57+S61*3+R62+R63+X45*3+X46*2) -> 11 | I84: 9-Tendencia Límite | N84: =SUM(E83:H83) -> 12 | O84: =LOOKUP(O104,FE109:FE112,FQ109:FQ112) -> 40 | Q84: =O84+Q102 -> 40 | S84: =IF(Q84<1,1,0) -> 0 | T84: =SUM(S84+U84) -> 0 | U84: =IF(Q84>115,2,0) -> 0 | V84: =IF((Q84<116)*AND(Q84>-1),Q84,BT98) -> 40 | X84: =V84-GM77 -> 40 | Z84: =IF(X84<0,1,0) -> 0 | AA84: =SUM(Z84+AB84) -> 0 | AB84: =IF(X84>115,2,0) -> 0 | AD84: =IF((X84<116)*AND(X84>-1),X84,BN100) -> 40 | AU84: =AD84 -> 40 | AV84: =LOOKUP(AU84,IT70:IU185) -> Indicador nulo | BD84: AJUSTE D/C | BT84: PRIMERO | BV84: 68 | BW84: 115 | BX84: 115 | BY84: 115 | BZ84: 113 | CA84: 115 | CB84: 115 | CC84: 115 | CD84: 115 | CE84: 115 | CF84: 115 | CG84: 115 | CH84: 115 | CI84: 115 | CJ84: 115 | CK84: 115 | CL84: 115 | CM84: 115 | CN84: 115 | CO84: 115 | CP84: 115 | CQ84: 115 | CR84: 115 | CS84: 115 | CT84: 115 | CU84: 115 | CV84: 115 | CW84: 115 | CX84: 100 | CY84: 100 | CZ84: 115 | DA84: 115 | DB84: 115 | DC84: 109 | DD84: 115 | DE84: 115 | DF84: 115 | DG84: 115 | DH84: 115 | DI84: 115 | DJ84: 115 | DK84: 115 | DL84: 115 | DM84: 115 | DN84: 115 | DO84: 115 | DP84: 115 | DQ84: 115 | DR84: 115 | DS84: 115 | DT84: 115 | DU84: 115 | DV84: 115 | DW84: 115 | DX84: 115 | DY84: 115 | DZ84: 115 | EA84: 100 | EB84: 100 | EC84: 115 | ED84: 115 | EE84: 115 | EF84: 107 | EG84: 115 | EH84: 115 | EI84: 115 | EJ84: 115 | EK84: 115 | EL84: 115 | EM84: 113 | EN84: 115 | EO84: 115 | EP84: 115 | EQ84: 115 | ER84: 115 | ES84: 115 | ET84: 115 | EU84: 115 | EV84: 115 | EW84: 115 | EX84: 115 | EY84: 115 | EZ84: 115 | FA84: 115 | FB84: 115 | FC84: 115 | FD84: 100 | FE84: 100 | FF84: 115 | FG84: 115 | FH84: 115 | FI84: 96 | FJ84: 115 | FK84: 115 | FL84: 115 | FM84: 115 | FN84: 115 | FO84: 115 | FP84: 110 | FQ84: 115 | FR84: 115 | FS84: 115 | FT84: 115 | FU84: 115 | FV84: 115 | FW84: 115 | FX84: 115 | FY84: 115 | FZ84: 115 | GA84: 115 | GB84: 115 | GC84: 115 | GD84: 115 | GE84: 115 | GF84: 115 | GG84: 100 | GH84: 100 | GJ84: 70 | GK84: 2 | GL84: 25 | GP84: 9 | GQ84: 7 | GT84: -53 | GU84: -5 | HC84: 8B | HD84: =AL83 -> 0 | IT84: 14 | IU84: Indicador nulo
A85: ESCALA B | E85: =SUM(B45*2+C51*2+B60*2+B61+B66*2+E42*3+E47*2+E51*2+E54*2+E58*3+E62+E63*2+I54+J59*2+I60+I62*2+L46*2+L48+L50*3+L53*2+L65*2) -> 11 | F85: =SUM(O47+O48*2+O50+O51+O53*2+O56+O59+O60+O62+O66+R43*3+S47*2+R56*3+R57*2+S61+X42*2+X44*2) -> 6 | I85: A-Difusión de la Identidad | N85: =SUM(E84:H84) -> 11 | O85: =LOOKUP(O104,FE109:FE112,FR109:FR112) -> 30 | Q85: =O85 -> 30 | AF85: =Q85+GN83 -> 31 | AH85: =IF(AF85<0,1,0) -> 0 | AI85: =IF(AF85>115,2,0) -> 0 | AJ85: =SUM(AH85:AI85) -> 0 | AL85: =IF((AF85>-1)*AND(AF85<116),AF85,BE91) -> 31 | AO85: =AL85+BE83 -> 31 | AQ85: =IF(AO85<0,1,0) -> 0 | AR85: =IF(AO85>115,2,0) -> 0 | AS85: =SUM(AQ85:AR85) -> 0 | AT85: =IF((AO85<116)*AND(AO85>-1),AO85,AZ91) -> 31 | AU85: =AT85 -> 31 | AV85: =LOOKUP(AU85,IT70:IU185) -> Indicador nulo | BT85: 1 | BU85: 1 | BV85: 69 | BW85: 115 | BX85: 115 | BY85: 115 | BZ85: 113 | CA85: 115 | CB85: 115 | CC85: 115 | CD85: 115 | CE85: 115 | CF85: 115 | CG85: 115 | CH85: 115 | CI85: 115 | CJ85: 115 | CK85: 115 | CL85: 115 | CM85: 115 | CN85: 115 | CO85: 115 | CP85: 115 | CQ85: 115 | CR85: 115 | CS85: 115 | CT85: 115 | CU85: 115 | CV85: 115 | CW85: 115 | CX85: 100 | CY85: 100 | CZ85: 115 | DA85: 115 | DB85: 115 | DC85: 112 | DD85: 115 | DE85: 115 | DF85: 115 | DG85: 115 | DH85: 115 | DI85: 115 | DJ85: 115 | DK85: 115 | DL85: 115 | DM85: 115 | DN85: 115 | DO85: 115 | DP85: 115 | DQ85: 115 | DR85: 115 | DS85: 115 | DT85: 115 | DU85: 115 | DV85: 115 | DW85: 115 | DX85: 115 | DY85: 115 | DZ85: 115 | EA85: 100 | EB85: 100 | EC85: 115 | ED85: 115 | EE85: 115 | EF85: 110 | EG85: 115 | EH85: 115 | EI85: 115 | EJ85: 115 | EK85: 115 | EL85: 115 | EM85: 113 | EN85: 115 | EO85: 115 | EP85: 115 | EQ85: 115 | ER85: 115 | ES85: 115 | ET85: 115 | EU85: 115 | EV85: 115 | EW85: 115 | EX85: 115 | EY85: 115 | EZ85: 115 | FA85: 115 | FB85: 115 | FC85: 115 | FD85: 100 | FE85: 100 | FF85: 115 | FG85: 115 | FH85: 115 | FI85: 101 | FJ85: 115 | FK85: 115 | FL85: 115 | FM85: 115 | FN85: 115 | FO85: 115 | FP85: 110 | FQ85: 115 | FR85: 115 | FS85: 115 | FT85: 115 | FU85: 115 | FV85: 115 | FW85: 115 | FX85: 115 | FY85: 115 | FZ85: 115 | GA85: 115 | GB85: 115 | GC85: 115 | GD85: 115 | GE85: 115 | GF85: 115 | GG85: 100 | GH85: 100 | GJ85: 71 | GK85: 2 | GL85: 25 | GP85: 10 | GQ85: 7 | GT85: -52 | GU85: -5 | IT85: 15 | IU85: Indicador nulo
A86: ESCALA C | E86: =SUM(C51*3+B52+B55+E42+E45*2+E47*3+E64*2+I56*2+J59*3+L65*2+O46+O53*3+O64+O65+S47*3+R54+R60*2) -> 11 | I86: B-Desvalorización de sí mismo. | N86: =SUM(E85:H85) -> 17 | O86: =LOOKUP(O104,FE109:FE112,FS109:FS112) -> 32 | Q86: =O86 -> 32 | AF86: =Q86+GN83 -> 33 | AH86: =IF(AF86<0,1,0) -> 0 | AI86: =IF(AF86>115,2,0) -> 0 | AJ86: =SUM(AH86:AI86) -> 0 | AL86: =IF((AF86>-1)*AND(AF86<116),AF86,BE92) -> 33 | AO86: =AL86+BE83 -> 33 | AQ86: =IF(AO86<0,1,0) -> 0 | AR86: =IF(AO86>115,2,0) -> 0 | AS86: =SUM(AQ86:AR86) -> 0 | AT86: =IF((AO86<116)*AND(AO86>-1),AO86,AZ92) -> 33 | AU86: =AT86 -> 33 | AV86: =LOOKUP(AU86,IT70:IU185) -> Indicador nulo | BT86: 2 | BU86: 115 | BV86: 70 | BW86: 115 | BX86: 115 | BY86: 115 | BZ86: 114 | CA86: 115 | CB86: 115 | CC86: 115 | CD86: 115 | CE86: 115 | CF86: 115 | CG86: 115 | CH86: 115 | CI86: 115 | CJ86: 115 | CK86: 115 | CL86: 115 | CM86: 115 | CN86: 115 | CO86: 115 | CP86: 115 | CQ86: 115 | CR86: 115 | CS86: 115 | CT86: 115 | CU86: 115 | CV86: 115 | CW86: 115 | CX86: 100 | CY86: 100 | CZ86: 115 | DA86: 115 | DB86: 115 | DC86: 115 | DD86: 115 | DE86: 115 | DF86: 115 | DG86: 115 | DH86: 115 | DI86: 115 | DJ86: 115 | DK86: 115 | DL86: 115 | DM86: 115 | DN86: 115 | DO86: 115 | DP86: 115 | DQ86: 115 | DR86: 115 | DS86: 115 | DT86: 115 | DU86: 115 | DV86: 115 | DW86: 115 | DX86: 115 | DY86: 115 | DZ86: 115 | EA86: 100 | EB86: 100 | EC86: 115 | ED86: 115 | EE86: 115 | EF86: 111 | EG86: 115 | EH86: 115 | EI86: 115 | EJ86: 115 | EK86: 115 | EL86: 115 | EM86: 113 | EN86: 115 | EO86: 115 | EP86: 115 | EQ86: 115 | ER86: 115 | ES86: 115 | ET86: 115 | EU86: 115 | EV86: 115 | EW86: 115 | EX86: 115 | EY86: 115 | EZ86: 115 | FA86: 115 | FB86: 115 | FC86: 115 | FD86: 100 | FE86: 100 | FF86: 115 | FG86: 115 | FH86: 115 | FI86: 106 | FJ86: 115 | FK86: 115 | FL86: 115 | FM86: 115 | FN86: 115 | FO86: 115 | FP86: 115 | FQ86: 115 | FR86: 115 | FS86: 115 | FT86: 115 | FU86: 115 | FV86: 115 | FW86: 115 | FX86: 115 | FY86: 115 | FZ86: 115 | GA86: 115 | GB86: 115 | GC86: 115 | GD86: 115 | GE86: 115 | GF86: 115 | GG86: 100 | GH86: 100 | GJ86: 72 | GK86: 2 | GL86: 25 | GP86: 11 | GQ86: 8 | GT86: -51 | GU86: -5 | IT86: 16 | IU86: Indicador nulo
A87: ESCALA D | E87: =SUM(B43+B46+C48+B50+B55*2+C60+C63+C65+E45+E47+F59*2+I42*3+J43+J46*2+J48+J52+J50+J53*3+I63+M42*2+M49+L59+M60*3+L65) -> 23 | F87: =SUM(O57*3+P59*2+P62+R45*2+S47+S52+R53*2+S59*3+S63+S66*2+Y48*2+Y51*2) -> 17 | I87: C-Desagrado por propio cuerpo | N87: =SUM(E86:H86) -> 11 | O87: =LOOKUP(O104,FE109:FE112,FT109:FT112) -> 45 | Q87: =O87 -> 45 | AF87: =Q87+GN83 -> 46 | AH87: =IF(AF87<0,1,0) -> 0 | AI87: =IF(AF87>115,2,0) -> 0 | AJ87: =SUM(AH87:AI87) -> 0 | AL87: =IF((AF87>-1)*AND(AF87<116),AF87,BE93) -> 46 | AO87: =AL87 -> 46 | AT87: =AO87 -> 46 | AU87: =AT87 -> 46 | AV87: =LOOKUP(AU87,IT70:IU185) -> Indicador nulo | BN87: SEGUNDO | BT87: =LOOKUP(T73,BT85:BU86) -> #N/A | BV87: 71 | BW87: 115 | BX87: 115 | BY87: 115 | BZ87: 114 | CA87: 115 | CB87: 115 | CC87: 115 | CD87: 115 | CE87: 115 | CF87: 115 | CG87: 115 | CH87: 115 | CI87: 115 | CJ87: 115 | CK87: 115 | CL87: 115 | CM87: 115 | CN87: 115 | CO87: 115 | CP87: 115 | CQ87: 115 | CR87: 115 | CS87: 115 | CT87: 115 | CU87: 115 | CV87: 115 | CW87: 115 | CX87: 100 | CY87: 100 | CZ87: 115 | DA87: 115 | DB87: 115 | DC87: 115 | DD87: 115 | DE87: 115 | DF87: 115 | DG87: 115 | DH87: 115 | DI87: 115 | DJ87: 115 | DK87: 115 | DL87: 115 | DM87: 115 | DN87: 115 | DO87: 115 | DP87: 115 | DQ87: 115 | DR87: 115 | DS87: 115 | DT87: 115 | DU87: 115 | DV87: 115 | DW87: 115 | DX87: 115 | DY87: 115 | DZ87: 115 | EA87: 100 | EB87: 100 | EC87: 115 | ED87: 115 | EE87: 115 | EF87: 113 | EG87: 115 | EH87: 115 | EI87: 115 | EJ87: 115 | EK87: 115 | EL87: 115 | EM87: 114 | EN87: 115 | EO87: 115 | EP87: 115 | EQ87: 115 | ER87: 115 | ES87: 115 | ET87: 115 | EU87: 115 | EV87: 115 | EW87: 115 | EX87: 115 | EY87: 115 | EZ87: 115 | FA87: 115 | FB87: 115 | FC87: 115 | FD87: 100 | FE87: 100 | FF87: 115 | FG87: 115 | FH87: 115 | FI87: 112 | FJ87: 115 | FK87: 115 | FL87: 115 | FM87: 115 | FN87: 115 | FO87: 115 | FP87: 115 | FQ87: 115 | FR87: 115 | FS87: 115 | FT87: 115 | FU87: 115 | FV87: 115 | FW87: 115 | FX87: 115 | FY87: 115 | FZ87: 115 | GA87: 115 | GB87: 115 | GC87: 115 | GD87: 115 | GE87: 115 | GF87: 115 | GG87: 100 | GH87: 100 | GJ87: 73 | GK87: 2 | GL87: 25 | GP87: 12 | GQ87: 9 | GT87: -50 | GU87: -5 | IT87: 17 | IU87: Indicador nulo
A88: ESCALA E | E88: =SUM(B54*3+C65*2+E48*2+E51*3+E52+E54*2+J49+I55+I57+I60*3+J61*2+J65+L51+L62+P45+O47*2+O60*3+R58*2+S64*2) -> 9 | I88: D-Incomodidad respecto al sexo | N88: =SUM(E87:H87) -> 40 | O88: =LOOKUP(O104,FE109:FE112,FU109:FU112) -> 73 | Q88: =O88 -> 73 | AF88: =Q88+GN83 -> 74 | AH88: =IF(AF88<0,1,0) -> 0 | AI88: =IF(AF88>115,2,0) -> 0 | AJ88: =SUM(AH88:AI88) -> 0 | AL88: =IF((AF88>-1)*AND(AF88<116),AF88,BE94) -> 74 | AO88: =AL88 -> 74 | AT88: =AO88 -> 74 | AU88: =AT88 -> 74 | AV88: =LOOKUP(AU88,IT70:IU185) -> Tema ligeramente problemático | AZ88: CUARTO | BE88: TERCERO | BN88: 1 | BO88: 1 | BT88: =LOOKUP(T74,BT85:BU86) -> #N/A | BV88: 72 | BW88: 115 | BX88: 115 | BY88: 115 | BZ88: 114 | CA88: 115 | CB88: 115 | CC88: 115 | CD88: 115 | CE88: 115 | CF88: 115 | CG88: 115 | CH88: 115 | CI88: 115 | CJ88: 115 | CK88: 115 | CL88: 115 | CM88: 115 | CN88: 115 | CO88: 115 | CP88: 115 | CQ88: 115 | CR88: 115 | CS88: 115 | CT88: 115 | CU88: 115 | CV88: 115 | CW88: 115 | CX88: 100 | CY88: 100 | CZ88: 115 | DA88: 115 | DB88: 115 | DC88: 115 | DD88: 115 | DE88: 115 | DF88: 115 | DG88: 115 | DH88: 115 | DI88: 115 | DJ88: 115 | DK88: 115 | DL88: 115 | DM88: 115 | DN88: 115 | DO88: 115 | DP88: 115 | DQ88: 115 | DR88: 115 | DS88: 115 | DT88: 115 | DU88: 115 | DV88: 115 | DW88: 115 | DX88: 115 | DY88: 115 | DZ88: 115 | EA88: 100 | EB88: 100 | EC88: 115 | ED88: 115 | EE88: 115 | EF88: 113 | EG88: 115 | EH88: 115 | EI88: 115 | EJ88: 115 | EK88: 115 | EL88: 115 | EM88: 115 | EN88: 115 | EO88: 115 | EP88: 115 | EQ88: 115 | ER88: 115 | ES88: 115 | ET88: 115 | EU88: 115 | EV88: 115 | EW88: 115 | EX88: 115 | EY88: 115 | EZ88: 115 | FA88: 115 | FB88: 115 | FC88: 115 | FD88: 100 | FE88: 100 | FF88: 115 | FG88: 115 | FH88: 115 | FI88: 113 | FJ88: 115 | FK88: 115 | FL88: 115 | FM88: 115 | FN88: 115 | FO88: 115 | FP88: 115 | FQ88: 115 | FR88: 115 | FS88: 115 | FT88: 115 | FU88: 115 | FV88: 115 | FW88: 115 | FX88: 115 | FY88: 115 | FZ88: 115 | GA88: 115 | GB88: 115 | GC88: 115 | GD88: 115 | GE88: 115 | GF88: 115 | GG88: 100 | GH88: 100 | GJ88: 74 | GK88: 2 | GL88: 25 | GP88: 13 | GQ88: 10 | GT88: -49 | GU88: -5 | IT88: 18 | IU88: Indicador nulo
A89: ESCALA F | E89: =SUM(C46*3+B51+C55+C56*2+B59+C61+B62+F42*2+E44+E53*3+F54+E55*2+E57*2+F61*2+E65*3+J42+I43*2+I48+I51*3+J54+I59*2+J62+L44+M47*3+M50*2+L52+L60+M65*2) -> 24 | F89: =SUM(O45*2+O52*2+O58*2+S43*2+R44*2+R51*2+S56+R59+R62+Y44+X48*2) -> 4 | I89: E-Inseguridad con los iguales | N89: =SUM(E88:H88) -> 9 | O89: =LOOKUP(O104,FE109:FE112,FV109:FV112) -> 47 | Q89: =O89 -> 47 | AF89: =Q89+GN83 -> 48 | AH89: =IF(AF89<0,1,0) -> 0 | AI89: =IF(AF89>115,2,0) -> 0 | AJ89: =SUM(AH89:AI89) -> 0 | AL89: =IF((AF89>-1)*AND(AF89<116),AF89,BE95) -> 48 | AO89: =AL89 -> 48 | AT89: =AO89 -> 48 | AU89: =AT89 -> 48 | AV89: =LOOKUP(AU89,IT70:IU185) -> Indicador nulo | AZ89: 1 | BA89: 1 | BE89: 1 | BF89: 1 | BN89: 2 | BO89: 115 | BT89: =LOOKUP(T75,BT85:BU86) -> #N/A | BV89: 73 | BW89: 115 | BX89: 115 | BY89: 115 | BZ89: 115 | CA89: 115 | CB89: 115 | CC89: 115 | CD89: 115 | CE89: 115 | CF89: 115 | CG89: 115 | CH89: 115 | CI89: 115 | CJ89: 115 | CK89: 115 | CL89: 115 | CM89: 115 | CN89: 115 | CO89: 115 | CP89: 115 | CQ89: 115 | CR89: 115 | CS89: 115 | CT89: 115 | CU89: 115 | CV89: 115 | CW89: 115 | CX89: 100 | CY89: 100 | CZ89: 115 | DA89: 115 | DB89: 115 | DC89: 115 | DD89: 115 | DE89: 115 | DF89: 115 | DG89: 115 | DH89: 115 | DI89: 115 | DJ89: 115 | DK89: 115 | DL89: 115 | DM89: 115 | DN89: 115 | DO89: 115 | DP89: 115 | DQ89: 115 | DR89: 115 | DS89: 115 | DT89: 115 | DU89: 115 | DV89: 115 | DW89: 115 | DX89: 115 | DY89: 115 | DZ89: 115 | EA89: 100 | EB89: 100 | EC89: 115 | ED89: 115 | EE89: 115 | EF89: 114 | EG89: 115 | EH89: 115 | EI89: 115 | EJ89: 115 | EK89: 115 | EL89: 115 | EM89: 115 | EN89: 115 | EO89: 115 | EP89: 115 | EQ89: 115 | ER89: 115 | ES89: 115 | ET89: 115 | EU89: 115 | EV89: 115 | EW89: 115 | EX89: 115 | EY89: 115 | EZ89: 115 | FA89: 115 | FB89: 115 | FC89: 115 | FD89: 100 | FE89: 100 | FF89: 115 | FG89: 115 | FH89: 115 | FI89: 115 | FJ89: 115 | FK89: 115 | FL89: 115 | FM89: 115 | FN89: 115 | FO89: 115 | FP89: 115 | FQ89: 115 | FR89: 115 | FS89: 115 | FT89: 115 | FU89: 115 | FV89: 115 | FW89: 115 | FX89: 115 | FY89: 115 | FZ89: 115 | GA89: 115 | GB89: 115 | GC89: 115 | GD89: 115 | GE89: 115 | GF89: 115 | GG89: 100 | GH89: 100 | GJ89: 75 | GK89: 2 | GL89: 25 | GP89: 14 | GQ89: 10 | GT89: -48 | GU89: -5 | IT89: 19 | IU89: Indicador nulo
A90: ESCALA G | E90: =SUM(C47*3+C50+C54+C58+B59+B62+B63+C64+B65+F43*3+F51+F52+I44*3+I47+I55*2+I61+I65+L43+L49*3+L58*2+L61*2+M62*2+O44+R51+S58+R64*2+R65*2+X49*3) -> 12 | I90: F-Insensibiidad social | N90: =SUM(E89:H89) -> 28 | O90: =LOOKUP(O104,FE109:FE112,FW109:FW112) -> 81 | Q90: =O90 -> 81 | AF90: =Q90+GN86 -> 81 | AH90: =IF(AF90<0,1,0) -> 0 | AI90: =IF(AF90>115,2,0) -> 0 | AJ90: =SUM(AH90:AI90) -> 0 | AL90: =IF((AF90>-1)*AND(AF90<116),AF90,BE96) -> 81 | AO90: =AL90 -> 81 | AT90: =AO90 -> 81 | AU90: =AT90 -> 81 | AV90: =LOOKUP(AU90,IT70:IU185) -> Área problemática | AZ90: 2 | BA90: 115 | BE90: 2 | BF90: 115 | BN90: =LOOKUP(AA74,BN88:BO89) -> #N/A | BT90: =LOOKUP(T76,BT85:BU86) -> #N/A | BV90: 74 | BW90: 115 | BX90: 115 | BY90: 115 | BZ90: 115 | CA90: 115 | CB90: 115 | CC90: 115 | CD90: 115 | CE90: 115 | CF90: 115 | CG90: 115 | CH90: 115 | CI90: 115 | CJ90: 115 | CK90: 115 | CL90: 115 | CM90: 115 | CN90: 115 | CO90: 115 | CP90: 115 | CQ90: 115 | CR90: 115 | CS90: 115 | CT90: 115 | CU90: 115 | CV90: 115 | CW90: 115 | CX90: 100 | CY90: 100 | CZ90: 115 | DA90: 115 | DB90: 115 | DC90: 115 | DD90: 115 | DE90: 115 | DF90: 115 | DG90: 115 | DH90: 115 | DI90: 115 | DJ90: 115 | DK90: 115 | DL90: 115 | DM90: 115 | DN90: 115 | DO90: 115 | DP90: 115 | DQ90: 115 | DR90: 115 | DS90: 115 | DT90: 115 | DU90: 115 | DV90: 115 | DW90: 115 | DX90: 115 | DY90: 115 | DZ90: 115 | EA90: 100 | EB90: 100 | EC90: 115 | ED90: 115 | EE90: 115 | EF90: 114 | EG90: 115 | EH90: 115 | EI90: 115 | EJ90: 115 | EK90: 115 | EL90: 115 | EM90: 115 | EN90: 115 | EO90: 115 | EP90: 115 | EQ90: 115 | ER90: 115 | ES90: 115 | ET90: 115 | EU90: 115 | EV90: 115 | EW90: 115 | EX90: 115 | EY90: 115 | EZ90: 115 | FA90: 115 | FB90: 115 | FC90: 115 | FD90: 100 | FE90: 100 | FF90: 115 | FG90: 115 | FH90: 115 | FI90: 115 | FJ90: 115 | FK90: 115 | FL90: 115 | FM90: 115 | FN90: 115 | FO90: 115 | FP90: 115 | FQ90: 115 | FR90: 115 | FS90: 115 | FT90: 115 | FU90: 115 | FV90: 115 | FW90: 115 | FX90: 115 | FY90: 115 | FZ90: 115 | GA90: 115 | GB90: 115 | GC90: 115 | GD90: 115 | GE90: 115 | GF90: 115 | GG90: 100 | GH90: 100 | GJ90: 76 | GK90: 2 | GL90: 25 | GP90: 15 | GQ90: 11 | GT90: -47 | GU90: -5 | IT90: 20 | IU90: Indicador nulo
A91: ESCALA H | E91: =SUM(C47+B55*3+B63+B66+E49+E50+E51+E56+F61+I45*2+J46*3+I54+I55+I63*3+L49+L56+O47*2+O51+O64+O66+R45*3+R53*3+X44+X49*2) -> 20 | I91: G-Discordancia Familiar | N91: =SUM(E90:H90) -> 12 | O91: =LOOKUP(O104,FE109:FE112,FX109:FX112) -> 42 | Q91: =O91 -> 42 | AF91: =Q91+GN83 -> 43 | AH91: =IF(AF91<0,1,0) -> 0 | AI91: =IF(AF91>115,2,0) -> 0 | AJ91: =SUM(AH91:AI91) -> 0 | AL91: =IF((AF91>-1)*AND(AF91<116),AF91,BE97) -> 43 | AO91: =AL91+BE83 -> 43 | AQ91: =IF(AO91<0,1,0) -> 0 | AR91: =IF(AO91>115,2,0) -> 0 | AS91: =SUM(AQ91:AR91) -> 0 | AT91: =IF((AO91<116)*AND(AO91>-1),AO91,AZ94) -> 43 | AU91: =AT91 -> 43 | AV91: =LOOKUP(AU91,IT70:IU185) -> Indicador nulo | AZ91: =LOOKUP(AS85,AZ89:BA90) -> #N/A | BE91: =LOOKUP(AJ85,BE89:BF90) -> #N/A | BN91: =LOOKUP(AA75,BN88:BO89) -> #N/A | BT91: =LOOKUP(T77,BT85:BU86) -> #N/A | BV91: 75 | BW91: 115 | BX91: 115 | BY91: 115 | BZ91: 115 | CA91: 115 | CB91: 115 | CC91: 115 | CD91: 115 | CE91: 115 | CF91: 115 | CG91: 115 | CH91: 115 | CI91: 115 | CJ91: 115 | CK91: 115 | CL91: 115 | CM91: 115 | CN91: 115 | CO91: 115 | CP91: 115 | CQ91: 115 | CR91: 115 | CS91: 115 | CT91: 115 | CU91: 115 | CV91: 115 | CW91: 115 | CX91: 100 | CY91: 100 | CZ91: 115 | DA91: 115 | DB91: 115 | DC91: 115 | DD91: 115 | DE91: 115 | DF91: 115 | DG91: 115 | DH91: 115 | DI91: 115 | DJ91: 115 | DK91: 115 | DL91: 115 | DM91: 115 | DN91: 115 | DO91: 115 | DP91: 115 | DQ91: 115 | DR91: 115 | DS91: 115 | DT91: 115 | DU91: 115 | DV91: 115 | DW91: 115 | DX91: 115 | DY91: 115 | DZ91: 115 | EA91: 100 | EB91: 100 | EC91: 115 | ED91: 115 | EE91: 115 | EF91: 115 | EG91: 115 | EH91: 115 | EI91: 115 | EJ91: 115 | EK91: 115 | EL91: 115 | EM91: 115 | EN91: 115 | EO91: 115 | EP91: 115 | EQ91: 115 | ER91: 115 | ES91: 115 | ET91: 115 | EU91: 115 | EV91: 115 | EW91: 115 | EX91: 115 | EY91: 115 | EZ91: 115 | FA91: 115 | FB91: 115 | FC91: 115 | FD91: 100 | FE91: 100 | FF91: 115 | FG91: 115 | FH91: 115 | FI91: 115 | FJ91: 115 | FK91: 115 | FL91: 115 | FM91: 115 | FN91: 115 | FO91: 115 | FP91: 115 | FQ91: 115 | FR91: 115 | FS91: 115 | FT91: 115 | FU91: 115 | FV91: 115 | FW91: 115 | FX91: 115 | FY91: 115 | FZ91: 115 | GA91: 115 | GB91: 115 | GC91: 115 | GD91: 115 | GE91: 115 | GF91: 115 | GG91: 100 | GH91: 100 | GJ91: 77 | GK91: 2 | GL91: 25 | GP91: 16 | GQ91: 12 | GT91: -46 | GU91: -5 | IT91: 21 | IU91: Indicador nulo
A92: ESCALA AA | E92: =SUM(C51*2+B52*3+E42+E45*3+E47+E49*3+E64*3+I54+I56*3+J59*2+I62+L48*3+L50+O46*3+O53*2+O65*3+R43+S47*2+R54*3+R60*3) -> 15 | I92: H-Abusos en la infancia | N92: =SUM(E91:H91) -> 20 | O92: =LOOKUP(O104,FE109:FE112,FY109:FY112) -> 77 | Q92: =O92 -> 77 | AF92: =Q92+GN83 -> 78 | AH92: =IF(AF92<0,1,0) -> 0 | AI92: =IF(AF92>115,2,0) -> 0 | AJ92: =SUM(AH92:AI92) -> 0 | AL92: =IF((AF92>-1)*AND(AF92<116),AF92,BE98) -> 78 | AO92: =AL92 -> 78 | AT92: =AO92 -> 78 | AU92: =AT92 -> 78 | AV92: =LOOKUP(AU92,IT70:IU185) -> Área problemática | AZ92: =LOOKUP(AS86,AZ89:BA90) -> #N/A | BE92: =LOOKUP(AJ86,BE89:BF90) -> #N/A | BT92: =LOOKUP(T78,BT85:BU86) -> #N/A | BV92: 76 | BW92: 115 | BX92: 115 | BY92: 115 | BZ92: 115 | CA92: 115 | CB92: 115 | CC92: 115 | CD92: 115 | CE92: 115 | CF92: 115 | CG92: 115 | CH92: 115 | CI92: 115 | CJ92: 115 | CK92: 115 | CL92: 115 | CM92: 115 | CN92: 115 | CO92: 115 | CP92: 115 | CQ92: 115 | CR92: 115 | CS92: 115 | CT92: 115 | CU92: 115 | CV92: 115 | CW92: 115 | CX92: 100 | CY92: 100 | CZ92: 115 | DA92: 115 | DB92: 115 | DC92: 115 | DD92: 115 | DE92: 115 | DF92: 115 | DG92: 115 | DH92: 115 | DI92: 115 | DJ92: 115 | DK92: 115 | DL92: 115 | DM92: 115 | DN92: 115 | DO92: 115 | DP92: 115 | DQ92: 115 | DR92: 115 | DS92: 115 | DT92: 115 | DU92: 115 | DV92: 115 | DW92: 115 | DX92: 115 | DY92: 115 | DZ92: 115 | EA92: 100 | EB92: 100 | EC92: 115 | ED92: 115 | EE92: 115 | EF92: 115 | EG92: 115 | EH92: 115 | EI92: 115 | EJ92: 115 | EK92: 115 | EL92: 115 | EM92: 115 | EN92: 115 | EO92: 115 | EP92: 115 | EQ92: 115 | ER92: 115 | ES92: 115 | ET92: 115 | EU92: 115 | EV92: 115 | EW92: 115 | EX92: 115 | EY92: 115 | EZ92: 115 | FA92: 115 | FB92: 115 | FC92: 115 | FD92: 100 | FE92: 100 | FF92: 115 | FG92: 115 | FH92: 115 | FI92: 115 | FJ92: 115 | FK92: 115 | FL92: 115 | FM92: 115 | FN92: 115 | FO92: 115 | FP92: 115 | FQ92: 115 | FR92: 115 | FS92: 115 | FT92: 115 | FU92: 115 | FV92: 115 | FW92: 115 | FX92: 115 | FY92: 115 | FZ92: 115 | GA92: 115 | GB92: 115 | GC92: 115 | GD92: 115 | GE92: 115 | GF92: 115 | GG92: 100 | GH92: 100 | GJ92: 78 | GK92: 2 | GL92: 25 | GP92: 17 | GQ92: 13 | GT92: -45 | GU92: -5 | IT92: 22 | IU92: Indicador nulo
A93: ESCALA BB | E93: =SUM(B45+C46+C49*3+C50*2+C56*2+B59*2+B62*2+B63*3+C64+E46*3+E56*3+E59+E60+F61+I43*2+I48*3+I52*2+I64+I65+I66*3+L42+L44+L56*3+L58+L63+O45*2+O52*2+O58+O61*3+R50*3+R55+R57+R64+R66*2+X43*3) -> 15 | I93: AA-Trastornos de la Alimentación | N93: =SUM(E92:H92) -> 15 | O93: =LOOKUP(O104,FE109:FE112,FZ109:FZ112) -> 49 | Q93: =O93 -> 49 | AF93: =Q93+GN83 -> 50 | AH93: =IF(AF93<0,1,0) -> 0 | AI93: =IF(AF93>115,2,0) -> 0 | AJ93: =SUM(AH93:AI93) -> 0 | AL93: =IF((AF93>-1)*AND(AF93<116),AF93,BE99) -> 50 | AO93: =AL93 -> 50 | AT93: =AO93 -> 50 | AU93: =AT93 -> 50 | AV93: =LOOKUP(AU93,IT70:IU185) -> Indicador nulo | BE93: =LOOKUP(AJ87,BE89:BF90) -> #N/A | BT93: =LOOKUP(T79,BT85:BU86) -> #N/A | BV93: 77 | BW93: 115 | BX93: 115 | BY93: 115 | BZ93: 115 | CA93: 115 | CB93: 115 | CC93: 115 | CD93: 115 | CE93: 115 | CF93: 115 | CG93: 115 | CH93: 115 | CI93: 115 | CJ93: 115 | CK93: 115 | CL93: 115 | CM93: 115 | CN93: 115 | CO93: 115 | CP93: 115 | CQ93: 115 | CR93: 115 | CS93: 115 | CT93: 115 | CU93: 115 | CV93: 115 | CW93: 115 | CX93: 100 | CY93: 100 | CZ93: 115 | DA93: 115 | DB93: 115 | DC93: 115 | DD93: 115 | DE93: 115 | DF93: 115 | DG93: 115 | DH93: 115 | DI93: 115 | DJ93: 115 | DK93: 115 | DL93: 115 | DM93: 115 | DN93: 115 | DO93: 115 | DP93: 115 | DQ93: 115 | DR93: 115 | DS93: 115 | DT93: 115 | DU93: 115 | DV93: 115 | DW93: 115 | DX93: 115 | DY93: 115 | DZ93: 115 | EA93: 100 | EB93: 100 | EC93: 115 | ED93: 115 | EE93: 115 | EF93: 115 | EG93: 115 | EH93: 115 | EI93: 115 | EJ93: 115 | EK93: 115 | EL93: 115 | EM93: 115 | EN93: 115 | EO93: 115 | EP93: 115 | EQ93: 115 | ER93: 115 | ES93: 115 | ET93: 115 | EU93: 115 | EV93: 115 | EW93: 115 | EX93: 115 | EY93: 115 | EZ93: 115 | FA93: 115 | FB93: 115 | FC93: 115 | FD93: 100 | FE93: 100 | FF93: 115 | FG93: 115 | FH93: 115 | FI93: 115 | FJ93: 115 | FK93: 115 | FL93: 115 | FM93: 115 | FN93: 115 | FO93: 115 | FP93: 115 | FQ93: 115 | FR93: 115 | FS93: 115 | FT93: 115 | FU93: 115 | FV93: 115 | FW93: 115 | FX93: 115 | FY93: 115 | FZ93: 115 | GA93: 115 | GB93: 115 | GC93: 115 | GD93: 115 | GE93: 115 | GF93: 115 | GG93: 100 | GH93: 100 | GJ93: 79 | GK93: 2 | GL93: 25 | GP93: 18 | GQ93: 13 | GT93: -44 | GU93: -4 | IT93: 23 | IU93: Indicador nulo
A94: ESCALA CC | E94: =SUM(C46+C49+B51+B52+C56*3+B62*2+F42+E44+F48+E57+F61*3+F62+J56+I59+J60+J62*2+I64*3+L42+L44+M47+M50*2+L58+L60+M65*2) -> 19 | F94: =SUM(P47*2+O52*3+O58*2+P66*2+S43*2+S56+R64*2+R66*3+X43+X46) -> 7 | I94: BB-Inclinación abuso sustancias | N94: =SUM(E93:H93) -> 15 | O94: =LOOKUP(O104,FE109:FE112,GA109:GA112) -> 64 | Q94: =O94 -> 64 | AF94: =Q94 -> 64 | AL94: =Q94 -> 64 | AO94: =AL94 -> 64 | AT94: =AO94 -> 64 | AU94: =AT94 -> 64 | AV94: =LOOKUP(AU94,IT70:IU185) -> Tema ligeramente problemático | AZ94: =LOOKUP(AS91,AZ89:BA90) -> #N/A | BE94: =LOOKUP(AJ88,BE89:BF90) -> #N/A | BT94: =LOOKUP(T80,BT85:BU86) -> #N/A | BV94: 78 | BW94: 115 | BX94: 115 | BY94: 115 | BZ94: 115 | CA94: 115 | CB94: 115 | CC94: 115 | CD94: 115 | CE94: 115 | CF94: 115 | CG94: 115 | CH94: 115 | CI94: 115 | CJ94: 115 | CK94: 115 | CL94: 115 | CM94: 115 | CN94: 115 | CO94: 115 | CP94: 115 | CQ94: 115 | CR94: 115 | CS94: 115 | CT94: 115 | CU94: 115 | CV94: 115 | CW94: 115 | CX94: 100 | CY94: 100 | CZ94: 115 | DA94: 115 | DB94: 115 | DC94: 115 | DD94: 115 | DE94: 115 | DF94: 115 | DG94: 115 | DH94: 115 | DI94: 115 | DJ94: 115 | DK94: 115 | DL94: 115 | DM94: 115 | DN94: 115 | DO94: 115 | DP94: 115 | DQ94: 115 | DR94: 115 | DS94: 115 | DT94: 115 | DU94: 115 | DV94: 115 | DW94: 115 | DX94: 115 | DY94: 115 | DZ94: 115 | EA94: 100 | EB94: 100 | EC94: 115 | ED94: 115 | EE94: 115 | EF94: 115 | EG94: 115 | EH94: 115 | EI94: 115 | EJ94: 115 | EK94: 115 | EL94: 115 | EM94: 115 | EN94: 115 | EO94: 115 | EP94: 115 | EQ94: 115 | ER94: 115 | ES94: 115 | ET94: 115 | EU94: 115 | EV94: 115 | EW94: 115 | EX94: 115 | EY94: 115 | EZ94: 115 | FA94: 115 | FB94: 115 | FC94: 115 | FD94: 100 | FE94: 100 | FF94: 115 | FG94: 115 | FH94: 115 | FI94: 115 | FJ94: 115 | FK94: 115 | FL94: 115 | FM94: 115 | FN94: 115 | FO94: 115 | FP94: 115 | FQ94: 115 | FR94: 115 | FS94: 115 | FT94: 115 | FU94: 115 | FV94: 115 | FW94: 115 | FX94: 115 | FY94: 115 | FZ94: 115 | GA94: 115 | GB94: 115 | GC94: 115 | GD94: 115 | GE94: 115 | GF94: 115 | GG94: 100 | GH94: 100 | GJ94: 80 | GK94: 2 | GL94: 25 | GP94: 19 | GQ94: 14 | GT94: -43 | GU94: -4 | IT94: 24 | IU94: Indicador nulo
A95: ESCALA DD | E95: =SUM(C56+C58+B59*3+B60+B62+C64*2+F43+E60*3+F61+I44+I59+I64*2+I65*3+L43+L52+L58+M65+O45*3+O58*2+R47+R59+R62+R64*2+R65*3) -> 14 | I95: CC-Predisposición a la delincuencia | N95: =SUM(E94:H94) -> 26 | O95: =LOOKUP(O104,FE109:FE112,GB109:GB112) -> 79 | Q95: =O95 -> 79 | AF95: =Q95 -> 79 | AL95: =Q95 -> 79 | AO95: =AL95 -> 79 | AT95: =AO95 -> 79 | AU95: =AT95 -> 79 | AV95: =LOOKUP(AU95,IT70:IU185) -> Área problemática | BE95: =LOOKUP(AJ89,BE89:BF90) -> #N/A | BT95: =LOOKUP(T81,BT85:BU86) -> #N/A | BV95: 79 | BW95: 115 | BX95: 115 | BY95: 115 | BZ95: 115 | CA95: 115 | CB95: 115 | CC95: 115 | CD95: 115 | CE95: 115 | CF95: 115 | CG95: 115 | CH95: 115 | CI95: 115 | CJ95: 115 | CK95: 115 | CL95: 115 | CM95: 115 | CN95: 115 | CO95: 115 | CP95: 115 | CQ95: 115 | CR95: 115 | CS95: 115 | CT95: 115 | CU95: 115 | CV95: 115 | CW95: 115 | CX95: 100 | CY95: 100 | CZ95: 115 | DA95: 115 | DB95: 115 | DC95: 115 | DD95: 115 | DE95: 115 | DF95: 115 | DG95: 115 | DH95: 115 | DI95: 115 | DJ95: 115 | DK95: 115 | DL95: 115 | DM95: 115 | DN95: 115 | DO95: 115 | DP95: 115 | DQ95: 115 | DR95: 115 | DS95: 115 | DT95: 115 | DU95: 115 | DV95: 115 | DW95: 115 | DX95: 115 | DY95: 115 | DZ95: 115 | EA95: 100 | EB95: 100 | EC95: 115 | ED95: 115 | EE95: 115 | EF95: 115 | EG95: 115 | EH95: 115 | EI95: 115 | EJ95: 115 | EK95: 115 | EL95: 115 | EM95: 115 | EN95: 115 | EO95: 115 | EP95: 115 | EQ95: 115 | ER95: 115 | ES95: 115 | ET95: 115 | EU95: 115 | EV95: 115 | EW95: 115 | EX95: 115 | EY95: 115 | EZ95: 115 | FA95: 115 | FB95: 115 | FC95: 115 | FD95: 100 | FE95: 100 | FF95: 115 | FG95: 115 | FH95: 115 | FI95: 115 | FJ95: 115 | FK95: 115 | FL95: 115 | FM95: 115 | FN95: 115 | FO95: 115 | FP95: 115 | FQ95: 115 | FR95: 115 | FS95: 115 | FT95: 115 | FU95: 115 | FV95: 115 | FW95: 115 | FX95: 115 | FY95: 115 | FZ95: 115 | GA95: 115 | GB95: 115 | GC95: 115 | GD95: 115 | GE95: 115 | GF95: 115 | GG95: 100 | GH95: 100 | GJ95: 81 | GK95: 2 | GL95: 25 | GP95: 20 | GQ95: 15 | GT95: -42 | GU95: -4 | IT95: 25 | IU95: Indicador nulo
A96: ESCALA EE | E96: =SUM(C44+B49+B56+B58*3+C59+C62+B64+E48*3+F55+F56+F57+F60+E61+F65+J48+J49+I54*2+J59+I62*2+J64+J65+J66*2+M42+M44+L45*3+M56+M58+M60+M63+L65*2) -> 19 | F96: =SUM(P45+O50+P52*2+P58+P61+R48*3+R49*3+S59+S64+S66+Y43+Y48) -> 11 | I96: DD-Propensión a la impulsividad | N96: =SUM(E95:H95) -> 14 | O96: =LOOKUP(O104,FE109:FE112,GC109:GC112) -> 53 | Q96: =O96 -> 53 | AF96: =Q96 -> 53 | AL96: =Q96 -> 53 | AO96: =AL96 -> 53 | AT96: =AO96 -> 53 | AU96: =AT96 -> 53 | AV96: =LOOKUP(AU96,IT70:IU185) -> Indicador nulo | AZ96: =LOOKUP(AS97,AZ89:BA90) -> #N/A | BE96: =LOOKUP(AJ90,BE89:BF90) -> #N/A | BT96: =LOOKUP(T82,BT85:BU86) -> #N/A | BV96: 80 | BW96: 115 | BX96: 115 | BY96: 115 | BZ96: 115 | CA96: 115 | CB96: 115 | CC96: 115 | CD96: 115 | CE96: 115 | CF96: 115 | CG96: 115 | CH96: 115 | CI96: 115 | CJ96: 115 | CK96: 115 | CL96: 115 | CM96: 115 | CN96: 115 | CO96: 115 | CP96: 115 | CQ96: 115 | CR96: 115 | CS96: 115 | CT96: 115 | CU96: 115 | CV96: 115 | CW96: 115 | CX96: 100 | CY96: 100 | CZ96: 115 | DA96: 115 | DB96: 115 | DC96: 115 | DD96: 115 | DE96: 115 | DF96: 115 | DG96: 115 | DH96: 115 | DI96: 115 | DJ96: 115 | DK96: 115 | DL96: 115 | DM96: 115 | DN96: 115 | DO96: 115 | DP96: 115 | DQ96: 115 | DR96: 115 | DS96: 115 | DT96: 115 | DU96: 115 | DV96: 115 | DW96: 115 | DX96: 115 | DY96: 115 | DZ96: 115 | EA96: 100 | EB96: 100 | EC96: 115 | ED96: 115 | EE96: 115 | EF96: 115 | EG96: 115 | EH96: 115 | EI96: 115 | EJ96: 115 | EK96: 115 | EL96: 115 | EM96: 115 | EN96: 115 | EO96: 115 | EP96: 115 | EQ96: 115 | ER96: 115 | ES96: 115 | ET96: 115 | EU96: 115 | EV96: 115 | EW96: 115 | EX96: 115 | EY96: 115 | EZ96: 115 | FA96: 115 | FB96: 115 | FC96: 115 | FD96: 100 | FE96: 100 | FF96: 115 | FG96: 115 | FH96: 115 | FI96: 115 | FJ96: 115 | FK96: 115 | FL96: 115 | FM96: 115 | FN96: 115 | FO96: 115 | FP96: 115 | FQ96: 115 | FR96: 115 | FS96: 115 | FT96: 115 | FU96: 115 | FV96: 115 | FW96: 115 | FX96: 115 | FY96: 115 | FZ96: 115 | GA96: 115 | GB96: 115 | GC96: 115 | GD96: 115 | GE96: 115 | GF96: 115 | GG96: 100 | GH96: 100 | GJ96: 82 | GK96: 2 | GL96: 25 | GP96: 21 | GQ96: 15 | GT96: -41 | GU96: -4 | IT96: 26 | IU96: Indicador nulo
A97: ESCALA FF | E97: =SUM(B42+C51*2+B56+B57*3+E42*2+E47+F55+E58*2+E59*3+E61+I54*2+I55*2+I60+I62*2+M43+L46*2+L50*2+L61*3+L64+L65*2+O47*2+O48+P52*2+O53+O59+O66*3+R43+S47+R49+R57+R58*2+R63*3+X44*2) -> 9 | I97: EE-Sentimientos de ansiedad | N97: =SUM(E96:H96) -> 30 | O97: =LOOKUP(O104,FE109:FE112,GD109:GD112) -> 22 | Q97: =O97 -> 22 | AF97: =Q97+GN83 -> 23 | AH97: =IF(AF97<0,1,0) -> 0 | AI97: =IF(AF97>115,2,0) -> 0 | AJ97: =SUM(AH97:AI97) -> 0 | AL97: =IF((AF97>-1)*AND(AF97<116),AF97,BE103) -> 23 | AO97: =AL97+BE83 -> 23 | AQ97: =IF(AO97<0,1,0) -> 0 | AR97: =IF(AO97>115,2,0) -> 0 | AS97: =SUM(AQ97:AR97) -> 0 | AT97: =IF((AO97<116)*AND(AO97>-1),AO97,AZ96) -> 23 | AU97: =AT97 -> 23 | AV97: =LOOKUP(AU97,IT70:IU185) -> Indicador nulo | AZ97: =LOOKUP(AS98,AZ89:BA90) -> #N/A | BE97: =LOOKUP(AJ91,BE89:BF90) -> #N/A | BT97: =LOOKUP(T83,BT85:BU86) -> #N/A | BV97: 81 | BW97: 115 | BX97: 115 | BY97: 115 | BZ97: 115 | CA97: 115 | CB97: 115 | CC97: 115 | CD97: 115 | CE97: 115 | CF97: 115 | CG97: 115 | CH97: 115 | CI97: 115 | CJ97: 115 | CK97: 115 | CL97: 115 | CM97: 115 | CN97: 115 | CO97: 115 | CP97: 115 | CQ97: 115 | CR97: 115 | CS97: 115 | CT97: 115 | CU97: 115 | CV97: 115 | CW97: 115 | CX97: 100 | CY97: 100 | CZ97: 115 | DA97: 115 | DB97: 115 | DC97: 115 | DD97: 115 | DE97: 115 | DF97: 115 | DG97: 115 | DH97: 115 | DI97: 115 | DJ97: 115 | DK97: 115 | DL97: 115 | DM97: 115 | DN97: 115 | DO97: 115 | DP97: 115 | DQ97: 115 | DR97: 115 | DS97: 115 | DT97: 115 | DU97: 115 | DV97: 115 | DW97: 115 | DX97: 115 | DY97: 115 | DZ97: 115 | EA97: 100 | EB97: 100 | EC97: 115 | ED97: 115 | EE97: 115 | EF97: 115 | EG97: 115 | EH97: 115 | EI97: 115 | EJ97: 115 | EK97: 115 | EL97: 115 | EM97: 115 | EN97: 115 | EO97: 115 | EP97: 115 | EQ97: 115 | ER97: 115 | ES97: 115 | ET97: 115 | EU97: 115 | EV97: 115 | EW97: 115 | EX97: 115 | EY97: 115 | EZ97: 115 | FA97: 115 | FB97: 115 | FC97: 115 | FD97: 100 | FE97: 100 | FF97: 115 | FG97: 115 | FH97: 115 | FI97: 115 | FJ97: 115 | FK97: 115 | FL97: 115 | FM97: 115 | FN97: 115 | FO97: 115 | FP97: 115 | FQ97: 115 | FR97: 115 | FS97: 115 | FT97: 115 | FU97: 115 | FV97: 115 | FW97: 115 | FX97: 115 | FY97: 115 | FZ97: 115 | GA97: 115 | GB97: 115 | GC97: 115 | GD97: 115 | GE97: 115 | GF97: 115 | GG97: 100 | GH97: 100 | GJ97: 83 | GK97: 2 | GL97: 25 | GP97: 22 | GQ97: 15 | GT97: -40 | GU97: -4 | IT97: 27 | IU97: Indicador nulo
A98: ESCALA GG | E98: =SUM(B55+B57*2+B60+B66*2+E42+E50+E59*2+I45*3+J46+I55*2+L50+L51+L54*3+L55+L61*2+O48*3+O51+O53+O64*3+R43+R45+R52+R56+R63*2+X47*3) -> 7 | I98: FF-Afecto depresivo | N98: =SUM(E97:H97) -> 9 | O98: =LOOKUP(O104,FE109:FE112,GE109:GE112) -> 14 | Q98: =O98 -> 14 | AF98: =Q98+GN83 -> 15 | AH98: =IF(AF98<0,1,0) -> 0 | AI98: =IF(AF98>115,2,0) -> 0 | AJ98: =SUM(AH98:AI98) -> 0 | AL98: =IF((AF98>-1)*AND(AF98<116),AF98,BE104) -> 15 | AO98: =AL98+BE83 -> 15 | AQ98: =IF(AO98<0,1,0) -> 0 | AR98: =IF(AO98>115,2,0) -> 0 | AS98: =SUM(AQ98:AR98) -> 0 | AT98: =IF((AO98<116)*AND(AO98>-1),AO98,AZ97) -> 15 | AU98: =AT98 -> 15 | AV98: =LOOKUP(AU98,IT70:IU185) -> Indicador nulo | AZ98: =LOOKUP(AS99,AZ89:BA90) -> #N/A | BE98: =LOOKUP(AJ92,BE89:BF90) -> #N/A | BT98: =LOOKUP(T84,BT85:BU86) -> #N/A | BV98: 82 | BW98: 115 | BX98: 115 | BY98: 115 | BZ98: 115 | CA98: 115 | CB98: 115 | CC98: 115 | CD98: 115 | CE98: 115 | CF98: 115 | CG98: 115 | CH98: 115 | CI98: 115 | CJ98: 115 | CK98: 115 | CL98: 115 | CM98: 115 | CN98: 115 | CO98: 115 | CP98: 115 | CQ98: 115 | CR98: 115 | CS98: 115 | CT98: 115 | CU98: 115 | CV98: 115 | CW98: 115 | CX98: 100 | CY98: 100 | CZ98: 115 | DA98: 115 | DB98: 115 | DC98: 115 | DD98: 115 | DE98: 115 | DF98: 115 | DG98: 115 | DH98: 115 | DI98: 115 | DJ98: 115 | DK98: 115 | DL98: 115 | DM98: 115 | DN98: 115 | DO98: 115 | DP98: 115 | DQ98: 115 | DR98: 115 | DS98: 115 | DT98: 115 | DU98: 115 | DV98: 115 | DW98: 115 | DX98: 115 | DY98: 115 | DZ98: 115 | EA98: 100 | EB98: 100 | EC98: 115 | ED98: 115 | EE98: 115 | EF98: 115 | EG98: 115 | EH98: 115 | EI98: 115 | EJ98: 115 | EK98: 115 | EL98: 115 | EM98: 115 | EN98: 115 | EO98: 115 | EP98: 115 | EQ98: 115 | ER98: 115 | ES98: 115 | ET98: 115 | EU98: 115 | EV98: 115 | EW98: 115 | EX98: 115 | EY98: 115 | EZ98: 115 | FA98: 115 | FB98: 115 | FC98: 115 | FD98: 100 | FE98: 100 | FF98: 115 | FG98: 115 | FH98: 115 | FI98: 115 | FJ98: 115 | FK98: 115 | FL98: 115 | FM98: 115 | FN98: 115 | FO98: 115 | FP98: 115 | FQ98: 115 | FR98: 115 | FS98: 115 | FT98: 115 | FU98: 115 | FV98: 115 | FW98: 115 | FX98: 115 | FY98: 115 | FZ98: 115 | GA98: 115 | GB98: 115 | GC98: 115 | GD98: 115 | GE98: 115 | GF98: 115 | GG98: 100 | GH98: 100 | GJ98: 84 | GK98: 2 | GL98: 25 | GP98: 23 | GQ98: 15 | GT98: -39 | GU98: -4 | IT98: 28 | IU98: Indicador nulo
I99: GG-Tendencia al suicidio | N99: =SUM(E98:H98) -> 7 | O99: =LOOKUP(O104,FE109:FE112,GF109:GF112) -> 42 | Q99: =O99 -> 42 | AF99: =Q99+GN83 -> 43 | AH99: =IF(AF99<0,1,0) -> 0 | AI99: =IF(AF99>115,2,0) -> 0 | AJ99: =SUM(AH99:AI99) -> 0 | AL99: =IF((AF99>-1)*AND(AF99<116),AF99,BE105) -> 43 | AO99: =AL99+BE83 -> 43 | AQ99: =IF(AO99<0,1,0) -> 0 | AR99: =IF(AO99>115,2,0) -> 0 | AS99: =SUM(AQ99:AR99) -> 0 | AT99: =IF((AO99<116)*AND(AO99>-1),AO99,AZ98) -> 43 | AU99: =AT99 -> 43 | AV99: =LOOKUP(AU99,IT70:IU185) -> Indicador nulo | BE99: =LOOKUP(AJ93,BE89:BF90) -> #N/A | BN99: =LOOKUP(AA83,BN88:BO89) -> #N/A | BV99: 83 | BW99: 115 | BX99: 115 | BY99: 115 | BZ99: 115 | CA99: 115 | CB99: 115 | CC99: 115 | CD99: 115 | CE99: 115 | CF99: 115 | CG99: 115 | CH99: 115 | CI99: 115 | CJ99: 115 | CK99: 115 | CL99: 115 | CM99: 115 | CN99: 115 | CO99: 115 | CP99: 115 | CQ99: 115 | CR99: 115 | CS99: 115 | CT99: 115 | CU99: 115 | CV99: 115 | CW99: 115 | CX99: 100 | CY99: 100 | CZ99: 115 | DA99: 115 | DB99: 115 | DC99: 115 | DD99: 115 | DE99: 115 | DF99: 115 | DG99: 115 | DH99: 115 | DI99: 115 | DJ99: 115 | DK99: 115 | DL99: 115 | DM99: 115 | DN99: 115 | DO99: 115 | DP99: 115 | DQ99: 115 | DR99: 115 | DS99: 115 | DT99: 115 | DU99: 115 | DV99: 115 | DW99: 115 | DX99: 115 | DY99: 115 | DZ99: 115 | EA99: 100 | EB99: 100 | EC99: 115 | ED99: 115 | EE99: 115 | EF99: 115 | EG99: 115 | EH99: 115 | EI99: 115 | EJ99: 115 | EK99: 115 | EL99: 115 | EM99: 115 | EN99: 115 | EO99: 115 | EP99: 115 | EQ99: 115 | ER99: 115 | ES99: 115 | ET99: 115 | EU99: 115 | EV99: 115 | EW99: 115 | EX99: 115 | EY99: 115 | EZ99: 115 | FA99: 115 | FB99: 115 | FC99: 115 | FD99: 100 | FE99: 100 | FF99: 115 | FG99: 115 | FH99: 115 | FI99: 115 | FJ99: 115 | FK99: 115 | FL99: 115 | FM99: 115 | FN99: 115 | FO99: 115 | FP99: 115 | FQ99: 115 | FR99: 115 | FS99: 115 | FT99: 115 | FU99: 115 | FV99: 115 | FW99: 115 | FX99: 115 | FY99: 115 | FZ99: 115 | GA99: 115 | GB99: 115 | GC99: 115 | GD99: 115 | GE99: 115 | GF99: 115 | GG99: 100 | GH99: 100 | GJ99: 85 | GK99: 2 | GL99: 25 | GP99: 24 | GQ99: 15 | GT99: -38 | GU99: -4 | IT99: 29 | IU99: Indicador nulo
I100: =O101 -> PROTOCOLO VALIDO | BN100: =LOOKUP(AA84,BN88:BO89) -> #N/A | BV100: 84 | BW100: 115 | BX100: 115 | BY100: 115 | BZ100: 115 | CA100: 115 | CB100: 115 | CC100: 115 | CD100: 115 | CE100: 115 | CF100: 115 | CG100: 115 | CH100: 115 | CI100: 115 | CJ100: 115 | CK100: 115 | CL100: 115 | CM100: 115 | CN100: 115 | CO100: 115 | CP100: 115 | CQ100: 115 | CR100: 115 | CS100: 115 | CT100: 115 | CU100: 115 | CV100: 115 | CW100: 115 | CX100: 100 | CY100: 100 | CZ100: 115 | DA100: 115 | DB100: 115 | DC100: 115 | DD100: 115 | DE100: 115 | DF100: 115 | DG100: 115 | DH100: 115 | DI100: 115 | DJ100: 115 | DK100: 115 | DL100: 115 | DM100: 115 | DN100: 115 | DO100: 115 | DP100: 115 | DQ100: 115 | DR100: 115 | DS100: 115 | DT100: 115 | DU100: 115 | DV100: 115 | DW100: 115 | DX100: 115 | DY100: 115 | DZ100: 115 | EA100: 100 | EB100: 100 | EC100: 115 | ED100: 115 | EE100: 115 | EF100: 115 | EG100: 115 | EH100: 115 | EI100: 115 | EJ100: 115 | EK100: 115 | EL100: 115 | EM100: 115 | EN100: 115 | EO100: 115 | EP100: 115 | EQ100: 115 | ER100: 115 | ES100: 115 | ET100: 115 | EU100: 115 | EV100: 115 | EW100: 115 | EX100: 115 | EY100: 115 | EZ100: 115 | FA100: 115 | FB100: 115 | FC100: 115 | FD100: 100 | FE100: 100 | FF100: 115 | FG100: 115 | FH100: 115 | FI100: 115 | FJ100: 115 | FK100: 115 | FL100: 115 | FM100: 115 | FN100: 115 | FO100: 115 | FP100: 115 | FQ100: 115 | FR100: 115 | FS100: 115 | FT100: 115 | FU100: 115 | FV100: 115 | FW100: 115 | FX100: 115 | FY100: 115 | FZ100: 115 | GA100: 115 | GB100: 115 | GC100: 115 | GD100: 115 | GE100: 115 | GF100: 115 | GG100: 100 | GH100: 100 | GJ100: 86 | GK100: 2 | GL100: 25 | GP100: 25 | GQ100: 15 | GT100: -37 | GU100: -4 | IT100: 30 | IU100: Indicador nulo
I101: =IF('DATOS Y RESPUESTAS'!B6="MASCULINO",1,2) -> 2 | N101: =IF((I101=1)*AND(I102=2),2,0) -> 0 | O101: =IF(L68>0,"PROTOCOLO INVALIDO","PROTOCOLO VALIDO") -> PROTOCOLO VALIDO | BV101: 85 | BW101: 115 | BX101: 115 | BY101: 115 | BZ101: 115 | CA101: 115 | CB101: 115 | CC101: 115 | CD101: 115 | CE101: 115 | CF101: 115 | CG101: 115 | CH101: 115 | CI101: 115 | CJ101: 115 | CK101: 115 | CL101: 115 | CM101: 115 | CN101: 115 | CO101: 115 | CP101: 115 | CQ101: 115 | CR101: 115 | CS101: 115 | CT101: 115 | CU101: 115 | CV101: 115 | CW101: 115 | CX101: 100 | CY101: 100 | CZ101: 115 | DA101: 115 | DB101: 115 | DC101: 115 | DD101: 115 | DE101: 115 | DF101: 115 | DG101: 115 | DH101: 115 | DI101: 115 | DJ101: 115 | DK101: 115 | DL101: 115 | DM101: 115 | DN101: 115 | DO101: 115 | DP101: 115 | DQ101: 115 | DR101: 115 | DS101: 115 | DT101: 115 | DU101: 115 | DV101: 115 | DW101: 115 | DX101: 115 | DY101: 115 | DZ101: 115 | EA101: 100 | EB101: 100 | EC101: 115 | ED101: 115 | EE101: 115 | EF101: 115 | EG101: 115 | EH101: 115 | EI101: 115 | EJ101: 115 | EK101: 115 | EL101: 115 | EM101: 115 | EN101: 115 | EO101: 115 | EP101: 115 | EQ101: 115 | ER101: 115 | ES101: 115 | ET101: 115 | EU101: 115 | EV101: 115 | EW101: 115 | EX101: 115 | EY101: 115 | EZ101: 115 | FA101: 115 | FB101: 115 | FC101: 115 | FD101: 100 | FE101: 100 | FF101: 115 | FG101: 115 | FH101: 115 | FI101: 115 | FJ101: 115 | FK101: 115 | FL101: 115 | FM101: 115 | FN101: 115 | FO101: 115 | FP101: 115 | FQ101: 115 | FR101: 115 | FS101: 115 | FT101: 115 | FU101: 115 | FV101: 115 | FW101: 115 | FX101: 115 | FY101: 115 | FZ101: 115 | GA101: 115 | GB101: 115 | GC101: 115 | GD101: 115 | GE101: 115 | GF101: 115 | GG101: 100 | GH101: 100 | GJ101: 87 | GK101: 2 | GL101: 25 | GP101: 26 | GQ101: 15 | GT101: -36 | GU101: -4 | IT101: 31 | IU101: Indicador nulo
I102: =IF('DATOS Y RESPUESTAS'!B7<16,1,2) -> 1 | N102: =IF((I101=2)*AND(I102=1),3,0) -> 3 | O102: =IF((I101=1)*AND(I102=1),1,0) -> 0 | Q102: =LOOKUP(N70,GJ14:GJ603,GL14:GL603) -> 0 | BV102: 86 | BW102: 115 | BX102: 115 | BY102: 115 | BZ102: 115 | CA102: 115 | CB102: 115 | CC102: 115 | CD102: 115 | CE102: 115 | CF102: 115 | CG102: 115 | CH102: 115 | CI102: 115 | CJ102: 115 | CK102: 115 | CL102: 115 | CM102: 115 | CN102: 115 | CO102: 115 | CP102: 115 | CQ102: 115 | CR102: 115 | CS102: 115 | CT102: 115 | CU102: 115 | CV102: 115 | CW102: 115 | CX102: 100 | CY102: 100 | CZ102: 115 | DA102: 115 | DB102: 115 | DC102: 115 | DD102: 115 | DE102: 115 | DF102: 115 | DG102: 115 | DH102: 115 | DI102: 115 | DJ102: 115 | DK102: 115 | DL102: 115 | DM102: 115 | DN102: 115 | DO102: 115 | DP102: 115 | DQ102: 115 | DR102: 115 | DS102: 115 | DT102: 115 | DU102: 115 | DV102: 115 | DW102: 115 | DX102: 115 | DY102: 115 | DZ102: 115 | EA102: 100 | EB102: 100 | EC102: 115 | ED102: 115 | EE102: 115 | EF102: 115 | EG102: 115 | EH102: 115 | EI102: 115 | EJ102: 115 | EK102: 115 | EL102: 115 | EM102: 115 | EN102: 115 | EO102: 115 | EP102: 115 | EQ102: 115 | ER102: 115 | ES102: 115 | ET102: 115 | EU102: 115 | EV102: 115 | EW102: 115 | EX102: 115 | EY102: 115 | EZ102: 115 | FA102: 115 | FB102: 115 | FC102: 115 | FD102: 100 | FE102: 100 | FF102: 115 | FG102: 115 | FH102: 115 | FI102: 115 | FJ102: 115 | FK102: 115 | FL102: 115 | FM102: 115 | FN102: 115 | FO102: 115 | FP102: 115 | FQ102: 115 | FR102: 115 | FS102: 115 | FT102: 115 | FU102: 115 | FV102: 115 | FW102: 115 | FX102: 115 | FY102: 115 | FZ102: 115 | GA102: 115 | GB102: 115 | GC102: 115 | GD102: 115 | GE102: 115 | GF102: 115 | GG102: 100 | GH102: 100 | GJ102: 88 | GK102: 2 | GL102: 25 | GP102: 27 | GQ102: 15 | GT102: -35 | GU102: -4 | IT102: 32 | IU102: Indicador nulo
N103: =IF((I101=2)*AND(I102=2),4,0) -> 0 | BE103: =LOOKUP(AJ97,BE89:BF90) -> #N/A | BV103: 87 | BW103: 115 | BX103: 115 | BY103: 115 | BZ103: 115 | CA103: 115 | CB103: 115 | CC103: 115 | CD103: 115 | CE103: 115 | CF103: 115 | CG103: 115 | CH103: 115 | CI103: 115 | CJ103: 115 | CK103: 115 | CL103: 115 | CM103: 115 | CN103: 115 | CO103: 115 | CP103: 115 | CQ103: 115 | CR103: 115 | CS103: 115 | CT103: 115 | CU103: 115 | CV103: 115 | CW103: 115 | CX103: 100 | CY103: 100 | CZ103: 115 | DA103: 115 | DB103: 115 | DC103: 115 | DD103: 115 | DE103: 115 | DF103: 115 | DG103: 115 | DH103: 115 | DI103: 115 | DJ103: 115 | DK103: 115 | DL103: 115 | DM103: 115 | DN103: 115 | DO103: 115 | DP103: 115 | DQ103: 115 | DR103: 115 | DS103: 115 | DT103: 115 | DU103: 115 | DV103: 115 | DW103: 115 | DX103: 115 | DY103: 115 | DZ103: 115 | EA103: 100 | EB103: 100 | EC103: 115 | ED103: 115 | EE103: 115 | EF103: 115 | EG103: 115 | EH103: 115 | EI103: 115 | EJ103: 115 | EK103: 115 | EL103: 115 | EM103: 115 | EN103: 115 | EO103: 115 | EP103: 115 | EQ103: 115 | ER103: 115 | ES103: 115 | ET103: 115 | EU103: 115 | EV103: 115 | EW103: 115 | EX103: 115 | EY103: 115 | EZ103: 115 | FA103: 115 | FB103: 115 | FC103: 115 | FD103: 100 | FE103: 100 | FF103: 115 | FG103: 115 | FH103: 115 | FI103: 115 | FJ103: 115 | FK103: 115 | FL103: 115 | FM103: 115 | FN103: 115 | FO103: 115 | FP103: 115 | FQ103: 115 | FR103: 115 | FS103: 115 | FT103: 115 | FU103: 115 | FV103: 115 | FW103: 115 | FX103: 115 | FY103: 115 | FZ103: 115 | GA103: 115 | GB103: 115 | GC103: 115 | GD103: 115 | GE103: 115 | GF103: 115 | GG103: 100 | GH103: 100 | GJ103: 89 | GK103: 2 | GL103: 25 | GP103: 28 | GQ103: 15 | GT103: -34 | GU103: -3 | IT103: 33 | IU103: Indicador nulo
O104: =SUM(N101+N102+N103+O102) -> 3 | BE104: =LOOKUP(AJ98,BE89:BF90) -> #N/A | BV104: 88 | BW104: 115 | BX104: 115 | BY104: 115 | BZ104: 115 | CA104: 115 | CB104: 115 | CC104: 115 | CD104: 115 | CE104: 115 | CF104: 115 | CG104: 115 | CH104: 115 | CI104: 115 | CJ104: 115 | CK104: 115 | CL104: 115 | CM104: 115 | CN104: 115 | CO104: 115 | CP104: 115 | CQ104: 115 | CR104: 115 | CS104: 115 | CT104: 115 | CU104: 115 | CV104: 115 | CW104: 115 | CX104: 100 | CY104: 100 | CZ104: 115 | DA104: 115 | DB104: 115 | DC104: 115 | DD104: 115 | DE104: 115 | DF104: 115 | DG104: 115 | DH104: 115 | DI104: 115 | DJ104: 115 | DK104: 115 | DL104: 115 | DM104: 115 | DN104: 115 | DO104: 115 | DP104: 115 | DQ104: 115 | DR104: 115 | DS104: 115 | DT104: 115 | DU104: 115 | DV104: 115 | DW104: 115 | DX104: 115 | DY104: 115 | DZ104: 115 | EA104: 100 | EB104: 100 | EC104: 115 | ED104: 115 | EE104: 115 | EF104: 115 | EG104: 115 | EH104: 115 | EI104: 115 | EJ104: 115 | EK104: 115 | EL104: 115 | EM104: 115 | EN104: 115 | EO104: 115 | EP104: 115 | EQ104: 115 | ER104: 115 | ES104: 115 | ET104: 115 | EU104: 115 | EV104: 115 | EW104: 115 | EX104: 115 | EY104: 115 | EZ104: 115 | FA104: 115 | FB104: 115 | FC104: 115 | FD104: 100 | FE104: 100 | FF104: 115 | FG104: 115 | FH104: 115 | FI104: 115 | FJ104: 115 | FK104: 115 | FL104: 115 | FM104: 115 | FN104: 115 | FO104: 115 | FP104: 115 | FQ104: 115 | FR104: 115 | FS104: 115 | FT104: 115 | FU104: 115 | FV104: 115 | FW104: 115 | FX104: 115 | FY104: 115 | FZ104: 115 | GA104: 115 | GB104: 115 | GC104: 115 | GD104: 115 | GE104: 115 | GF104: 115 | GG104: 100 | GH104: 100 | GJ104: 90 | GK104: 2 | GL104: 25 | GP104: 29 | GQ104: 15 | GT104: -33 | GU104: -3 | IT104: 34 | IU104: Indicador nulo
BE105: =LOOKUP(AJ99,BE89:BF90) -> #N/A | BV105: 89 | BW105: 115 | BX105: 115 | BY105: 115 | BZ105: 115 | CA105: 115 | CB105: 115 | CC105: 115 | CD105: 115 | CE105: 115 | CF105: 115 | CG105: 115 | CH105: 115 | CI105: 115 | CJ105: 115 | CK105: 115 | CL105: 115 | CM105: 115 | CN105: 115 | CO105: 115 | CP105: 115 | CQ105: 115 | CR105: 115 | CS105: 115 | CT105: 115 | CU105: 115 | CV105: 115 | CW105: 115 | CX105: 100 | CY105: 100 | CZ105: 115 | DA105: 115 | DB105: 115 | DC105: 115 | DD105: 115 | DE105: 115 | DF105: 115 | DG105: 115 | DH105: 115 | DI105: 115 | DJ105: 115 | DK105: 115 | DL105: 115 | DM105: 115 | DN105: 115 | DO105: 115 | DP105: 115 | DQ105: 115 | DR105: 115 | DS105: 115 | DT105: 115 | DU105: 115 | DV105: 115 | DW105: 115 | DX105: 115 | DY105: 115 | DZ105: 115 | EA105: 100 | EB105: 100 | EC105: 115 | ED105: 115 | EE105: 115 | EF105: 115 | EG105: 115 | EH105: 115 | EI105: 115 | EJ105: 115 | EK105: 115 | EL105: 115 | EM105: 115 | EN105: 115 | EO105: 115 | EP105: 115 | EQ105: 115 | ER105: 115 | ES105: 115 | ET105: 115 | EU105: 115 | EV105: 115 | EW105: 115 | EX105: 115 | EY105: 115 | EZ105: 115 | FA105: 115 | FB105: 115 | FC105: 115 | FD105: 100 | FE105: 100 | FF105: 115 | FG105: 115 | FH105: 115 | FI105: 115 | FJ105: 115 | FK105: 115 | FL105: 115 | FM105: 115 | FN105: 115 | FO105: 115 | FP105: 115 | FQ105: 115 | FR105: 115 | FS105: 115 | FT105: 115 | FU105: 115 | FV105: 115 | FW105: 115 | FX105: 115 | FY105: 115 | FZ105: 115 | GA105: 115 | GB105: 115 | GC105: 115 | GD105: 115 | GE105: 115 | GF105: 115 | GG105: 100 | GH105: 100 | GJ105: 91 | GK105: 2 | GL105: 25 | GP105: 30 | GQ105: 15 | GT105: -32 | GU105: -3 | IT105: 35 | IU105: Indicador nulo
BV106: 90 | BW106: 115 | BX106: 115 | BY106: 115 | BZ106: 115 | CA106: 115 | CB106: 115 | CC106: 115 | CD106: 115 | CE106: 115 | CF106: 115 | CG106: 115 | CH106: 115 | CI106: 115 | CJ106: 115 | CK106: 115 | CL106: 115 | CM106: 115 | CN106: 115 | CO106: 115 | CP106: 115 | CQ106: 115 | CR106: 115 | CS106: 115 | CT106: 115 | CU106: 115 | CV106: 115 | CW106: 115 | CX106: 100 | CY106: 100 | CZ106: 115 | DA106: 115 | DB106: 115 | DC106: 115 | DD106: 115 | DE106: 115 | DF106: 115 | DG106: 115 | DH106: 115 | DI106: 115 | DJ106: 115 | DK106: 115 | DL106: 115 | DM106: 115 | DN106: 115 | DO106: 115 | DP106: 115 | DQ106: 115 | DR106: 115 | DS106: 115 | DT106: 115 | DU106: 115 | DV106: 115 | DW106: 115 | DX106: 115 | DY106: 115 | DZ106: 115 | EA106: 100 | EB106: 100 | EC106: 115 | ED106: 115 | EE106: 115 | EF106: 115 | EG106: 115 | EH106: 115 | EI106: 115 | EJ106: 115 | EK106: 115 | EL106: 115 | EM106: 115 | EN106: 115 | EO106: 115 | EP106: 115 | EQ106: 115 | ER106: 115 | ES106: 115 | ET106: 115 | EU106: 115 | EV106: 115 | EW106: 115 | EX106: 115 | EY106: 115 | EZ106: 115 | FA106: 115 | FB106: 115 | FC106: 115 | FD106: 100 | FE106: 100 | FF106: 115 | FG106: 115 | FH106: 115 | FI106: 115 | FJ106: 115 | FK106: 115 | FL106: 115 | FM106: 115 | FN106: 115 | FO106: 115 | FP106: 115 | FQ106: 115 | FR106: 115 | FS106: 115 | FT106: 115 | FU106: 115 | FV106: 115 | FW106: 115 | FX106: 115 | FY106: 115 | FZ106: 115 | GA106: 115 | GB106: 115 | GC106: 115 | GD106: 115 | GE106: 115 | GF106: 115 | GG106: 100 | GH106: 100 | GJ106: 92 | GK106: 2 | GL106: 25 | GP106: 31 | GQ106: 15 | GT106: -31 | GU106: -3 | IT106: 36 | IU106: Indicador nulo
N107: 115 | GJ107: 93 | GK107: 2 | GL107: 25 | GP107: 32 | GQ107: 15 | GT107: -30 | GU107: -3 | IT107: 37 | IU107: Indicador nulo
I108: X | N108: =AU70 -> 37 | FF108: 1 | FG108: 2A | FH108: 2B | FI108: 3 | FJ108: 4 | FK108: 5 | FL108: 6A | FM108: 6B | FN108: 7 | FO108: 8A | FP108: 8B | FQ108: 9 | FR108: A | FS108: B | FT108: C | FU108: D | FV108: E | FW108: F | FX108: G | FY108: H | FZ108: AA | GA108: BB | GB108: CC | GC108: DD | GD108: EE | GE108: FF | GF108: GG | GG108: Y | GH108: Z | GJ108: 94 | GK108: 2 | GL108: 25 | GP108: 33 | GQ108: 15 | GT108: -29 | GU108: -3 | IT108: 38 | IU108: Indicador nulo
I109: Y | N109: =AU71 -> 41 | FD109: VARONES13-15 | FE109: 1 | FF109: =LOOKUP(N73,BV15:BV106,BW15:BW106) -> 40 | FG109: =LOOKUP(N74,BV15:BV106,BX15:BX106) -> 40 | FH109: =LOOKUP(N75,BV15:BV106,BY15:BY106) -> 45 | FI109: =LOOKUP(N76,BV15:BV106,BZ15:BZ106) -> 56 | FJ109: =LOOKUP(N77,BV15:BV106,CA15:CA106) -> 56 | FK109: =LOOKUP(N78,BV15:BV106,CB15:CB106) -> 34 | FL109: =LOOKUP(N79,BV15:BV106,CC15:CC106) -> 42 | FM109: =LOOKUP(N80,BV15:BV106,CD15:CD106) -> 42 | FN109: =LOOKUP(N81,BV15:BV106,CE15:CE106) -> 53 | FO109: =LOOKUP(N82,BV15:BV106,CF15:CF106) -> 49 | FP109: =LOOKUP(N83,BV15:BV106,CG15:CG106) -> 46 | FQ109: =LOOKUP(N84,BV15:BV106,CH15:CH106) -> 46 | FR109: =LOOKUP(N85,BV15:BV106,CI15:CI106) -> 40 | FS109: =LOOKUP(N86,BV15:BV106,CJ15:CJ106) -> 45 | FT109: =LOOKUP(N87,BV15:BV106,CK15:CK106) -> 66 | FU109: =LOOKUP(N88,BV15:BV106,CL15:CL106) -> 85 | FV109: =LOOKUP(N89,BV15:BV106,CM15:CM106) -> 50 | FW109: =LOOKUP(N90,BV15:BV106,CN15:CN106) -> 65 | FX109: =LOOKUP(N91,BV15:BV106,CO15:CO106) -> 42 | FY109: =LOOKUP(N92,BV15:BV106,CP15:CP106) -> 100 | FZ109: =LOOKUP(N93,BV15:BV106,CQ15:CQ106) -> 67 | GA109: =LOOKUP(N94,BV15:BV106,CR15:CR106) -> 58 | GB109: =LOOKUP(N95,BV15:BV106,CS15:CS106) -> 60 | GC109: =LOOKUP(N96,BV15:BV106,CT15:CT106) -> 45 | GD109: =LOOKUP(N97,BV15:BV106,CU15:CU106) -> 47 | GE109: =LOOKUP(N98,BV15:BV106,CV15:CV106) -> 35 | GF109: =LOOKUP(N99,BV15:BV106,CW15:CW106) -> 53 | GG109: =LOOKUP(N71,BV15:BV106,CX15:CX106) -> 38 | GH109: =LOOKUP(N72,BV15:BV106,CY15:CY106) -> 46 | GJ109: 95 | GK109: 2 | GL109: 25 | GP109: 34 | GQ109: 15 | GT109: -28 | GU109: -3 | IT109: 39 | IU109: Indicador nulo
I110: Z | N110: =AU72 -> 34 | FD110: VARONES16-19 | FE110: 2 | FF110: =LOOKUP(N73,BV15:BV106,CZ15:CZ106) -> 36 | FG110: =LOOKUP(N74,BV15:BV106,DA15:DA106) -> 41 | FH110: =LOOKUP(N75,BV15:BV106,DB15:DB106) -> 43 | FI110: =LOOKUP(N76,BV15:BV106,DC15:DC106) -> 57 | FJ110: =LOOKUP(N77,BV15:BV106,DD15:DD106) -> 56 | FK110: =LOOKUP(N78,BV15:BV106,DE15:DE106) -> 37 | FL110: =LOOKUP(N79,BV15:BV106,DF15:DF106) -> 32 | FM110: =LOOKUP(N80,BV15:BV106,DG15:DG106) -> 40 | FN110: =LOOKUP(N81,BV15:BV106,DH15:DH106) -> 63 | FO110: =LOOKUP(N82,BV15:BV106,DI15:DI106) -> 48 | FP110: =LOOKUP(N83,BV15:BV106,DJ15:DJ106) -> 42 | FQ110: =LOOKUP(N84,BV15:BV106,DK15:DK106) -> 45 | FR110: =LOOKUP(N85,BV15:BV106,DL15:DL106) -> 31 | FS110: =LOOKUP(N86,BV15:BV106,DM15:DM106) -> 45 | FT110: =LOOKUP(N87,BV15:BV106,DN15:DN106) -> 62 | FU110: =LOOKUP(N88,BV15:BV106,DO15:DO106) -> 105 | FV110: =LOOKUP(N89,BV15:BV106,DP15:DP106) -> 50 | FW110: =LOOKUP(N90,BV15:BV106,DQ15:DQ106) -> 60 | FX110: =LOOKUP(N91,BV15:BV106,DR15:DR106) -> 33 | FY110: =LOOKUP(N92,BV15:BV106,DS15:DS106) -> 107 | FZ110: =LOOKUP(N93,BV15:BV106,DT15:DT106) -> 69 | GA110: =LOOKUP(N94,BV15:BV106,DU15:DU106) -> 47 | GB110: =LOOKUP(N95,BV15:BV106,DV15:DV106) -> 55 | GC110: =LOOKUP(N96,BV15:BV106,DW15:DW106) -> 43 | GD110: =LOOKUP(N97,BV15:BV106,DX15:DX106) -> 50 | GE110: =LOOKUP(N98,BV15:BV106,DY15:DY106) -> 33 | GF110: =LOOKUP(N99,BV15:BV106,DZ15:DZ106) -> 50 | GG110: =LOOKUP(N71,BV15:BV106,EA15:EA106) -> 37 | GH110: =LOOKUP(N72,BV15:BV106,EB15:EB106) -> 44 | GJ110: 96 | GK110: 2 | GL110: 25 | GP110: 35 | GQ110: 15 | GT110: -27 | GU110: -3 | IT110: 40 | IU110: Indicador nulo
N111: 33 | FD111: MUJERES13-15 | FE111: 3 | FF111: =LOOKUP(N73,BV15:BV106,EC15:EC106) -> 26 | FG111: =LOOKUP(N74,BV15:BV106,ED15:ED106) -> 20 | FH111: =LOOKUP(N75,BV15:BV106,EE15:EE106) -> 37 | FI111: =LOOKUP(N76,BV15:BV106,EF15:EF106) -> 42 | FJ111: =LOOKUP(N77,BV15:BV106,EG15:EG106) -> 72 | FK111: =LOOKUP(N78,BV15:BV106,EH15:EH106) -> 56 | FL111: =LOOKUP(N79,BV15:BV106,EI15:EI106) -> 49 | FM111: =LOOKUP(N80,BV15:BV106,EJ15:EJ106) -> 45 | FN111: =LOOKUP(N81,BV15:BV106,EK15:EK106) -> 54 | FO111: =LOOKUP(N82,BV15:BV106,EL15:EL106) -> 47 | FP111: =LOOKUP(N83,BV15:BV106,EM15:EM106) -> 38 | FQ111: =LOOKUP(N84,BV15:BV106,EN15:EN106) -> 40 | FR111: =LOOKUP(N85,BV15:BV106,EO15:EO106) -> 30 | FS111: =LOOKUP(N86,BV15:BV106,EP15:EP106) -> 32 | FT111: =LOOKUP(N87,BV15:BV106,EQ15:EQ106) -> 45 | FU111: =LOOKUP(N88,BV15:BV106,ER15:ER106) -> 73 | FV111: =LOOKUP(N89,BV15:BV106,ES15:ES106) -> 47 | FW111: =LOOKUP(N90,BV15:BV106,ET15:ET106) -> 81 | FX111: =LOOKUP(N91,BV15:BV106,EU15:EU106) -> 42 | FY111: =LOOKUP(N92,BV15:BV106,EV15:EV106) -> 77 | FZ111: =LOOKUP(N93,BV15:BV106,EW15:EW106) -> 49 | GA111: =LOOKUP(N94,BV15:BV106,EX15:EX106) -> 64 | GB111: =LOOKUP(N95,BV15:BV106,EY15:EY106) -> 79 | GC111: =LOOKUP(N96,BV15:BV106,EZ15:EZ106) -> 53 | GD111: =LOOKUP(N97,BV15:BV106,FA15:FA106) -> 22 | GE111: =LOOKUP(N98,BV15:BV106,FB15:FB106) -> 14 | GF111: =LOOKUP(N99,BV15:BV106,FC15:FC106) -> 42 | GG111: =LOOKUP(N71,BV15:BV106,FD15:FD106) -> 41 | GH111: =LOOKUP(N72,BV15:BV106,FE15:FE106) -> 34 | GJ111: 97 | GK111: 2 | GL111: 25 | GP111: 36 | GQ111: 15 | GT111: -26 | GU111: -3 | IT111: 41 | IU111: Indicador nulo
I112: 1 | N112: =AU73 -> 26 | FD112: MUJERES16-19 | FE112: 4 | FF112: =LOOKUP(N73,BV15:BV106,FF15:FF106) -> 23 | FG112: =LOOKUP(N74,BV15:BV106,FG15:FG106) -> 20 | FH112: =LOOKUP(N75,BV15:BV106,FH15:FH106) -> 29 | FI112: =LOOKUP(N76,BV15:BV106,FI15:FI106) -> 42 | FJ112: =LOOKUP(N77,BV15:BV106,FJ15:FJ106) -> 70 | FK112: =LOOKUP(N78,BV15:BV106,FK15:FK106) -> 59 | FL112: =LOOKUP(N79,BV15:BV106,FL15:FL106) -> 49 | FM112: =LOOKUP(N80,BV15:BV106,FM15:FM106) -> 45 | FN112: =LOOKUP(N81,BV15:BV106,FN15:FN106) -> 61 | FO112: =LOOKUP(N82,BV15:BV106,FO15:FO106) -> 42 | FP112: =LOOKUP(N83,BV15:BV106,FP15:FP106) -> 28 | FQ112: =LOOKUP(N84,BV15:BV106,FQ15:FQ106) -> 34 | FR112: =LOOKUP(N85,BV15:BV106,FR15:FR106) -> 28 | FS112: =LOOKUP(N86,BV15:BV106,FS15:FS106) -> 25 | FT112: =LOOKUP(N87,BV15:BV106,FT15:FT106) -> 42 | FU112: =LOOKUP(N88,BV15:BV106,FU15:FU106) -> 83 | FV112: =LOOKUP(N89,BV15:BV106,FV15:FV106) -> 48 | FW112: =LOOKUP(N90,BV15:BV106,FW15:FW106) -> 85 | FX112: =LOOKUP(N91,BV15:BV106,FX15:FX106) -> 35 | FY112: =LOOKUP(N92,BV15:BV106,FY15:FY106) -> 75 | FZ112: =LOOKUP(N93,BV15:BV106,FZ15:FZ106) -> 46 | GA112: =LOOKUP(N94,BV15:BV106,GA15:GA106) -> 58 | GB112: =LOOKUP(N95,BV15:BV106,GB15:GB106) -> 81 | GC112: =LOOKUP(N96,BV15:BV106,GC15:GC106) -> 50 | GD112: =LOOKUP(N97,BV15:BV106,GD15:GD106) -> 28 | GE112: =LOOKUP(N98,BV15:BV106,GE15:GE106) -> 14 | GF112: =LOOKUP(N99,BV15:BV106,GF15:GF106) -> 35 | GG112: =LOOKUP(N71,BV15:BV106,GG15:GG106) -> 50 | GH112: =LOOKUP(N72,BV15:BV106,GH15:GH106) -> 22 | GJ112: 98 | GK112: 2 | GL112: 25 | GP112: 37 | GQ112: 15 | GT112: -25 | GU112: -3 | IT112: 42 | IU112: Indicador nulo
I113: 2A | N113: =AU74 -> 20 | GJ113: 99 | GK113: 2 | GL113: 25 | GP113: 38 | GQ113: 15 | GT113: -24 | GU113: -2 | IT113: 43 | IU113: Indicador nulo
I114: 2B | N114: =AU75 -> 37 | GJ114: 100 | GK114: 2 | GL114: 25 | GP114: 39 | GQ114: 15 | GT114: -23 | GU114: -2 | IT114: 44 | IU114: Indicador nulo
...

Sheet PERFIL I

Sheet PERFIL II

Sheet REPORTE
B2: INVENTARIO CLÍNICO DE MILLON PARA ADOLESCENTES
B3: MACI
D4: Plantilla desarriollada por: | E4: Sergio Alexis Dominguez Lara
A6: ='DATOS Y RESPUESTAS'!A4 -> Nombre: | B6: ='DATOS Y RESPUESTAS'!B4 -> NICOLE AIXA | C6: ='DATOS Y RESPUESTAS'!A6 -> Sexo: | D6: ='DATOS Y RESPUESTAS'!B6 -> FEMENINO
A7: ='DATOS Y RESPUESTAS'!A5 -> Apellidos: | B7: ='DATOS Y RESPUESTAS'!B5 -> CONTRERAS ZURITA | C7: ='DATOS Y RESPUESTAS'!A7 -> Edad: | D7: ='DATOS Y RESPUESTAS'!B7 -> 10
A8: ='DATOS Y RESPUESTAS'!A9 -> Evaluador: | B8: ='DATOS Y RESPUESTAS'!B9 -> GARCIA | C8: ='DATOS Y RESPUESTAS'!A8 -> Institución: | D8: ='DATOS Y RESPUESTAS'!B8 -> VIDA PLENA
A9: ='DATOS Y RESPUESTAS'!A10 -> Fecha: | B9: ='DATOS Y RESPUESTAS'!B10 -> 08 de agosto 2025
A14: RESULTADOS:
B16: =RESULTADOS!I100 -> PROTOCOLO VALIDO
B17: =RESULTADOS!I69 -> ESCALAS | C17: TB | D17: INTERPRETACION
B18: =RESULTADOS!I70 -> X-Transparencia | C18: =RESULTADOS!AU70 -> 37
B19: =RESULTADOS!I71 -> Y-Deseabilidad | C19: =RESULTADOS!AU71 -> 41
B20: =RESULTADOS!I72 -> Z-Alteración | C20: =RESULTADOS!AU72 -> 34
B21: =RESULTADOS!I73 -> 1-Introvertido | C21: =RESULTADOS!AU73 -> 26 | D21: =RESULTADOS!AV73 -> Indicador nulo
B22: =RESULTADOS!I74 -> 2A-Inhibido | C22: =RESULTADOS!AU74 -> 20 | D22: =RESULTADOS!AV74 -> Indicador nulo
B23: =RESULTADOS!I75 -> 2B-Pesimista | C23: =RESULTADOS!AU75 -> 37 | D23: =RESULTADOS!AV75 -> Indicador nulo
B24: =RESULTADOS!I76 -> 3-Sumiso | C24: =RESULTADOS!AU76 -> 42 | D24: =RESULTADOS!AV76 -> Indicador nulo
B25: =RESULTADOS!I77 -> 4-Histriónico | C25: =RESULTADOS!AU77 -> 72 | D25: =RESULTADOS!AV77 -> Tema ligeramente problemático
B26: =RESULTADOS!I78 -> 5-Egocéntrico | C26: =RESULTADOS!AU78 -> 56 | D26: =RESULTADOS!AV78 -> Indicador nulo
B27: =RESULTADOS!I79 -> 6A-Rebelde | C27: =RESULTADOS!AU79 -> 49 | D27: =RESULTADOS!AV79 -> Indicador nulo
B28: =RESULTADOS!I80 -> 6B-Rudo | C28: =RESULTADOS!AU80 -> 45 | D28: =RESULTADOS!AV80 -> Indicador nulo
B29: =RESULTADOS!I81 -> 7-Conformista | C29: =RESULTADOS!AU81 -> 54 | D29: =RESULTADOS!AV81 -> Indicador nulo
B30: =RESULTADOS!I82 -> 8A-Oposicionista | C30: =RESULTADOS!AU82 -> 47 | D30: =RESULTADOS!AV82 -> Indicador nulo
B31: =RESULTADOS!I83 -> 8B-Autopunitivo | C31: =RESULTADOS!AU83 -> 38 | D31: =RESULTADOS!AV83 -> Indicador nulo
B32: =RESULTADOS!I84 -> 9-Tendencia Límite | C32: =RESULTADOS!AU84 -> 40 | D32: =RESULTADOS!AV84 -> Indicador nulo
B33: =B17 -> ESCALAS | C33: TB
B34: =RESULTADOS!I85 -> A-Difusión de la Identidad | C34: =RESULTADOS!AU85 -> 31 | D34: =RESULTADOS!AV85 -> Indicador nulo
B35: =RESULTADOS!I86 -> B-Desvalorización de sí mismo. | C35: =RESULTADOS!AU86 -> 33 | D35: =RESULTADOS!AV86 -> Indicador nulo
B36: =RESULTADOS!I87 -> C-Desagrado por propio cuerpo | C36: =RESULTADOS!AU87 -> 46 | D36: =RESULTADOS!AV87 -> Indicador nulo
B37: =RESULTADOS!I88 -> D-Incomodidad respecto al sexo | C37: =RESULTADOS!AU88 -> 74 | D37: =RESULTADOS!AV88 -> Tema ligeramente problemático
B38: =RESULTADOS!I89 -> E-Inseguridad con los iguales | C38: =RESULTADOS!AU89 -> 48 | D38: =RESULTADOS!AV89 -> Indicador nulo
B39: =RESULTADOS!I90 -> F-Insensibiidad social | C39: =RESULTADOS!AU90 -> 81 | D39: =RESULTADOS!AV90 -> Área problemática
B40: =RESULTADOS!I91 -> G-Discordancia Familiar | C40: =RESULTADOS!AU91 -> 43 | D40: =RESULTADOS!AV91 -> Indicador nulo
B41: =RESULTADOS!I92 -> H-Abusos en la infancia | C41: =RESULTADOS!AU92 -> 78 | D41: =RESULTADOS!AV92 -> Área problemática
B42: =RESULTADOS!I93 -> AA-Trastornos de la Alimentación | C42: =RESULTADOS!AU93 -> 50 | D42: =RESULTADOS!AV93 -> Indicador nulo
B43: =RESULTADOS!I94 -> BB-Inclinación abuso sustancias | C43: =RESULTADOS!AU94 -> 64 | D43: =RESULTADOS!AV94 -> Tema ligeramente problemático
B44: =RESULTADOS!I95 -> CC-Predisposición a la delincuencia | C44: =RESULTADOS!AU95 -> 79 | D44: =RESULTADOS!AV95 -> Área problemática
B45: =RESULTADOS!I96 -> DD-Propensión a la impulsividad | C45: =RESULTADOS!AU96 -> 53 | D45: =RESULTADOS!AV96 -> Indicador nulo
... B48: =RESULTADOS!I99 -> GG-Tendencia al suicidio | C48: =RESULTADOS!AU99 -> 43 | D48: =RESULTADOS!AV99 -> Indicador nulo

Sheet BASE DE DATOS
A1: EDAD | B1: SEXO | C1: =RESULTADOS!I70 -> X-Transparencia | D1: =RESULTADOS!I71 -> Y-Deseabilidad | E1: =RESULTADOS!I72 -> Z-Alteración | F1: =RESULTADOS!I73 -> 1-Introvertido | G1: =RESULTADOS!I74 -> 2A-Inhibido | H1: =RESULTADOS!I75 -> 2B-Pesimista | I1: =RESULTADOS!I76 -> 3-Sumiso | J1: =RESULTADOS!I77 -> 4-Histriónico | K1: =RESULTADOS!I78 -> 5-Egocéntrico | L1: =RESULTADOS!I79 -> 6A-Rebelde | M1: =RESULTADOS!I80 -> 6B-Rudo | N1: =RESULTADOS!I81 -> 7-Conformista | O1: =RESULTADOS!I82 -> 8A-Oposicionista | P1: =RESULTADOS!I83 -> 8B-Autopunitivo | Q1: =RESULTADOS!I84 -> 9-Tendencia Límite | R1: =RESULTADOS!I85 -> A-Difusión de la Identidad | S1: =RESULTADOS!I86 -> B-Desvalorización de sí mismo. | T1: =RESULTADOS!I87 -> C-Desagrado por propio cuerpo | U1: =RESULTADOS!I88 -> D-Incomodidad respecto al sexo | V1: =RESULTADOS!I89 -> E-Inseguridad con los iguales | W1: =RESULTADOS!I90 -> F-Insensibiidad social | X1: =RESULTADOS!I91 -> G-Discordancia Familiar | Y1: =RESULTADOS!I92 -> H-Abusos en la infancia | Z1: =RESULTADOS!I93 -> AA-Trastornos de la Alimentación | AA1: =RESULTADOS!I94 -> BB-Inclinación abuso sustancias | AB1: =RESULTADOS!I95 -> CC-Predisposición a la delincuencia | AC1: =RESULTADOS!I96 -> DD-Propensión a la impulsividad | AD1: =RESULTADOS!I97 -> EE-Sentimientos de ansiedad | AE1: =RESULTADOS!I98 -> FF-Afecto depresivo | AF1: =RESULTADOS!I99 -> GG-Tendencia al suicidio
A2: ='DATOS Y RESPUESTAS'!B7 -> 10 | B2: ='DATOS Y RESPUESTAS'!B6 -> FEMENINO | C2: =RESULTADOS!N70 -> 278 | D2: =RESULTADOS!N71 -> 8 | E2: =RESULTADOS!N72 -> 2 | F2: =RESULTADOS!N73 -> 18 | G2: =RESULTADOS!N74 -> 15 | H2: =RESULTADOS!N75 -> 10 | I2: =RESULTADOS!N76 -> 49 | J2: =RESULTADOS!N77 -> 40 | K2: =RESULTADOS!N78 -> 27 | L2: =RESULTADOS!N79 -> 24 | M2: =RESULTADOS!N80 -> 7 | N2: =RESULTADOS!N81 -> 46 | O2: =RESULTADOS!N82 -> 23 | P2: =RESULTADOS!N83 -> 19 | Q2: =RESULTADOS!N84 -> 12 | R2: =RESULTADOS!N85 -> 11 | S2: =RESULTADOS!N86 -> 17 | T2: =RESULTADOS!N87 -> 11 | U2: =RESULTADOS!N88 -> 40 | V2: =RESULTADOS!N89 -> 9 | W2: =RESULTADOS!N90 -> 28 | X2: =RESULTADOS!N91 -> 12 | Y2: =RESULTADOS!N92 -> 20 | Z2: =RESULTADOS!N93 -> 15 | AA2: =RESULTADOS!N94 -> 15 | AB2: =RESULTADOS!N95 -> 26 | AC2: =RESULTADOS!N96 -> 14 | AD2: =RESULTADOS!N97 -> 30 | AE2: =RESULTADOS!N98 -> 9 | AF2: =RESULTADOS!N99 -> 7
